excl_mode,center,rz_mode,rx,ry,rz,std_excl_min,split,baseline_angle_mean,baseline_angle_std,baseline_dist_mean,baseline_n,excluded_angle_mean,excluded_angle_std,excluded_angle_p25,excluded_angle_p50,excluded_angle_p75,excluded_dist_mean,excluded_dist_std,excluded_n,delta_angle_mean,delta_angle_std,masked_frac_mean
or,c-0.1_-0.05_0.05,uniform,0.05,0.05,0.05,0,sunlamp,3.0311,6.3655,0.0880,2791,2.9749,6.9184,1.0270,1.8297,3.2561,0.0821,0.1251,2791,-0.0562,2.5163,0.1608
or,c-0.1_-0.05_0.05,uniform,0.05,0.05,0.05,0,lightbox,1.9960,7.8428,0.0460,6740,1.9315,7.6417,0.6899,1.1355,1.8348,0.0439,0.0924,6740,-0.0646,1.7641,0.1587
or,c-0.1_-0.05_0.1,uniform,0.05,0.05,0.05,0,sunlamp,3.0311,6.3655,0.0880,2791,2.9086,6.6697,1.0283,1.8504,3.2730,0.0812,0.1062,2791,-0.1226,2.4355,0.1246
or,c-0.1_-0.05_0.1,uniform,0.05,0.05,0.05,0,lightbox,1.9960,7.8428,0.0460,6740,1.9552,7.9418,0.7002,1.1421,1.8434,0.0449,0.1058,6740,-0.0409,2.1251,0.1239
or,c-0.1_-0.05_0.15,uniform,0.05,0.05,0.05,0,sunlamp,3.0311,6.3655,0.0880,2791,2.9629,6.7192,1.0494,1.8871,3.3086,0.0829,0.1162,2791,-0.0683,2.2587,0.1228
or,c-0.1_-0.05_0.15,uniform,0.05,0.05,0.05,0,lightbox,1.9960,7.8428,0.0460,6740,1.9658,7.8310,0.7123,1.1497,1.8391,0.0453,0.0939,6740,-0.0302,1.9907,0.1218
or,c-0.1_-0.05_0.2,uniform,0.05,0.05,0.05,0,sunlamp,3.0311,6.3655,0.0880,2791,3.1171,7.1493,1.0639,1.9406,3.4359,0.0913,0.1498,2791,0.0860,2.4058,0.1310
or,c-0.1_-0.05_0.2,uniform,0.05,0.05,0.05,0,lightbox,1.9960,7.8428,0.0460,6740,2.0399,8.1158,0.7265,1.1702,1.8985,0.0473,0.1081,6740,0.0438,2.2335,0.1306
or,c-0.1_-0.05_0.25,uniform,0.05,0.05,0.05,0,sunlamp,3.0311,6.3655,0.0880,2791,3.1122,6.8099,1.1124,1.9715,3.4444,0.0956,0.1345,2791,0.0811,2.3559,0.1578
or,c-0.1_-0.05_0.25,uniform,0.05,0.05,0.05,0,lightbox,1.9960,7.8428,0.0460,6740,2.1365,8.2723,0.7477,1.2044,1.9400,0.0512,0.1179,6740,0.1405,2.4316,0.1572
or,c-0.1_0_0.05,uniform,0.05,0.05,0.05,0,sunlamp,3.0311,6.3655,0.0880,2791,2.9924,6.9718,1.0300,1.8394,3.3029,0.0813,0.1142,2791,-0.0387,2.8631,0.1602
or,c-0.1_0_0.05,uniform,0.05,0.05,0.05,0,lightbox,1.9960,7.8428,0.0460,6740,1.9476,7.7695,0.6864,1.1342,1.8465,0.0442,0.1016,6740,-0.0484,1.8475,0.1581
or,c-0.1_0_0.1,uniform,0.05,0.05,0.05,0,sunlamp,3.0311,6.3655,0.0880,2791,2.8915,6.5697,1.0291,1.8628,3.2061,0.0827,0.1240,2791,-0.1397,2.3389,0.1247
or,c-0.1_0_0.1,uniform,0.05,0.05,0.05,0,lightbox,1.9960,7.8428,0.0460,6740,1.9173,7.5215,0.7042,1.1453,1.8341,0.0444,0.0857,6740,-0.0787,1.8876,0.1240
or,c-0.1_0_0.15,uniform,0.05,0.05,0.05,0,sunlamp,3.0311,6.3655,0.0880,2791,2.9423,6.5787,1.0505,1.8707,3.3179,0.0830,0.1132,2791,-0.0888,2.3546,0.1229
or,c-0.1_0_0.15,uniform,0.05,0.05,0.05,0,lightbox,1.9960,7.8428,0.0460,6740,1.9584,7.7569,0.7084,1.1453,1.8464,0.0455,0.1086,6740,-0.0376,1.8554,0.1220
or,c-0.1_0_0.2,uniform,0.05,0.05,0.05,0,sunlamp,3.0311,6.3655,0.0880,2791,3.0514,6.6330,1.0687,1.9505,3.4584,0.0906,0.1515,2791,0.0203,2.1385,0.1312
or,c-0.1_0_0.2,uniform,0.05,0.05,0.05,0,lightbox,1.9960,7.8428,0.0460,6740,2.0066,7.8772,0.7304,1.1736,1.8826,0.0472,0.1113,6740,0.0105,2.1176,0.1307
or,c-0.1_0_0.25,uniform,0.05,0.05,0.05,0,sunlamp,3.0311,6.3655,0.0880,2791,3.0991,6.4901,1.1003,2.0028,3.4549,0.0960,0.1342,2791,0.0680,2.1423,0.1580
or,c-0.1_0_0.25,uniform,0.05,0.05,0.05,0,lightbox,1.9960,7.8428,0.0460,6740,2.1636,8.5483,0.7471,1.2118,1.9443,0.0509,0.1144,6740,0.1675,2.9284,0.1574
or,c-0.1_0.05_0.05,uniform,0.05,0.05,0.05,0,sunlamp,3.0311,6.3655,0.0880,2791,2.9685,7.1423,1.0367,1.8298,3.2944,0.0818,0.1241,2791,-0.0626,2.4471,0.1599
or,c-0.1_0.05_0.05,uniform,0.05,0.05,0.05,0,lightbox,1.9960,7.8428,0.0460,6740,1.9647,7.9343,0.7000,1.1294,1.8497,0.0456,0.1131,6740,-0.0313,2.1722,0.1579
or,c-0.1_0.05_0.1,uniform,0.05,0.05,0.05,0,sunlamp,3.0311,6.3655,0.0880,2791,2.8802,6.5664,1.0486,1.8308,3.2611,0.0817,0.1074,2791,-0.1510,2.5338,0.1248
or,c-0.1_0.05_0.1,uniform,0.05,0.05,0.05,0,lightbox,1.9960,7.8428,0.0460,6740,1.9469,7.8292,0.7056,1.1452,1.8314,0.0446,0.0930,6740,-0.0492,1.9860,0.1241
or,c-0.1_0.05_0.15,uniform,0.05,0.05,0.05,0,sunlamp,3.0311,6.3655,0.0880,2791,2.9725,6.6836,1.0623,1.8667,3.3537,0.0829,0.1115,2791,-0.0586,2.1554,0.1230
or,c-0.1_0.05_0.15,uniform,0.05,0.05,0.05,0,lightbox,1.9960,7.8428,0.0460,6740,1.9945,7.9634,0.7138,1.1622,1.8469,0.0454,0.1052,6740,-0.0016,2.0052,0.1221
or,c-0.1_0.05_0.2,uniform,0.05,0.05,0.05,0,sunlamp,3.0311,6.3655,0.0880,2791,3.0850,6.5896,1.0747,1.9595,3.4628,0.0897,0.1378,2791,0.0539,1.9681,0.1313
or,c-0.1_0.05_0.2,uniform,0.05,0.05,0.05,0,lightbox,1.9960,7.8428,0.0460,6740,2.0046,7.7697,0.7246,1.1807,1.8942,0.0476,0.1121,6740,0.0086,2.1300,0.1309
or,c-0.1_0.05_0.25,uniform,0.05,0.05,0.05,0,sunlamp,3.0311,6.3655,0.0880,2791,3.1145,6.4053,1.1014,2.0117,3.4682,0.0980,0.1549,2791,0.0834,2.4642,0.1581
or,c-0.1_0.05_0.25,uniform,0.05,0.05,0.05,0,lightbox,1.9960,7.8428,0.0460,6740,2.1428,8.2459,0.7494,1.2135,1.9493,0.0509,0.1125,6740,0.1468,2.0770,0.1575
or,c-0.1_0.1_0.05,uniform,0.05,0.05,0.05,0,sunlamp,3.0311,6.3655,0.0880,2791,2.9626,6.4642,1.0330,1.8287,3.3042,0.0831,0.1503,2791,-0.0686,1.9376,0.1602
or,c-0.1_0.1_0.05,uniform,0.05,0.05,0.05,0,lightbox,1.9960,7.8428,0.0460,6740,1.9507,7.8399,0.6906,1.1392,1.8407,0.0442,0.0923,6740,-0.0453,1.5541,0.1581
or,c-0.1_0.1_0.1,uniform,0.05,0.05,0.05,0,sunlamp,3.0311,6.3655,0.0880,2791,2.9134,6.9507,1.0461,1.8603,3.2359,0.0836,0.1299,2791,-0.1177,2.5747,0.1247
or,c-0.1_0.1_0.1,uniform,0.05,0.05,0.05,0,lightbox,1.9960,7.8428,0.0460,6740,1.9604,7.9288,0.7058,1.1530,1.8368,0.0448,0.0943,6740,-0.0356,2.0278,0.1240
or,c-0.1_0.1_0.15,uniform,0.05,0.05,0.05,0,sunlamp,3.0311,6.3655,0.0880,2791,2.9569,6.6584,1.0535,1.8558,3.2448,0.0832,0.1144,2791,-0.0742,2.1670,0.1229
or,c-0.1_0.1_0.15,uniform,0.05,0.05,0.05,0,lightbox,1.9960,7.8428,0.0460,6740,1.9592,7.8299,0.7103,1.1482,1.8410,0.0450,0.0946,6740,-0.0369,2.0537,0.1220
or,c-0.1_0.1_0.2,uniform,0.05,0.05,0.05,0,sunlamp,3.0311,6.3655,0.0880,2791,3.1026,6.9524,1.0983,1.9621,3.4111,0.0901,0.1400,2791,0.0715,2.2456,0.1312
or,c-0.1_0.1_0.2,uniform,0.05,0.05,0.05,0,lightbox,1.9960,7.8428,0.0460,6740,2.0093,7.6641,0.7275,1.1796,1.8882,0.0471,0.1067,6740,0.0133,2.1472,0.1308
or,c-0.1_0.1_0.25,uniform,0.05,0.05,0.05,0,sunlamp,3.0311,6.3655,0.0880,2791,3.0841,6.4352,1.1115,1.9865,3.4484,0.0969,0.1423,2791,0.0529,2.6463,0.1580
or,c-0.1_0.1_0.25,uniform,0.05,0.05,0.05,0,lightbox,1.9960,7.8428,0.0460,6740,2.1530,8.3746,0.7558,1.2082,1.9690,0.0519,0.1240,6740,0.1569,2.4414,0.1573
or,c-0.1_0.15_0.05,uniform,0.05,0.05,0.05,0,sunlamp,3.0311,6.3655,0.0880,2791,3.0040,7.0379,1.0327,1.8400,3.2585,0.0838,0.1288,2791,-0.0271,2.8899,0.1603
or,c-0.1_0.15_0.05,uniform,0.05,0.05,0.05,0,lightbox,1.9960,7.8428,0.0460,6740,1.9462,7.7811,0.6928,1.1352,1.8517,0.0442,0.0871,6740,-0.0498,2.6515,0.1582
or,c-0.1_0.15_0.1,uniform,0.05,0.05,0.05,0,sunlamp,3.0311,6.3655,0.0880,2791,2.9461,7.2012,1.0490,1.8365,3.2314,0.0815,0.1032,2791,-0.0850,2.7505,0.1247
or,c-0.1_0.15_0.1,uniform,0.05,0.05,0.05,0,lightbox,1.9960,7.8428,0.0460,6740,1.9240,7.4579,0.7155,1.1484,1.8561,0.0445,0.0899,6740,-0.0721,1.9255,0.1238
or,c-0.1_0.15_0.15,uniform,0.05,0.05,0.05,0,sunlamp,3.0311,6.3655,0.0880,2791,2.9708,6.9770,1.0521,1.8759,3.3201,0.0846,0.1248,2791,-0.0603,2.4545,0.1229
or,c-0.1_0.15_0.15,uniform,0.05,0.05,0.05,0,lightbox,1.9960,7.8428,0.0460,6740,1.9475,7.5780,0.7120,1.1526,1.8438,0.0459,0.1081,6740,-0.0485,2.0561,0.1219
or,c-0.1_0.15_0.2,uniform,0.05,0.05,0.05,0,sunlamp,3.0311,6.3655,0.0880,2791,3.0859,6.8662,1.0746,1.9280,3.4532,0.0918,0.1514,2791,0.0547,1.9272,0.1312
or,c-0.1_0.15_0.2,uniform,0.05,0.05,0.05,0,lightbox,1.9960,7.8428,0.0460,6740,2.0191,7.6967,0.7321,1.1833,1.8994,0.0469,0.1033,6740,0.0231,1.9546,0.1306
or,c-0.1_0.15_0.25,uniform,0.05,0.05,0.05,0,sunlamp,3.0311,6.3655,0.0880,2791,3.1377,6.5064,1.1071,1.9839,3.4903,0.0981,0.1462,2791,0.1065,2.4444,0.1579
or,c-0.1_0.15_0.25,uniform,0.05,0.05,0.05,0,lightbox,1.9960,7.8428,0.0460,6740,2.1535,8.3090,0.7554,1.2197,1.9596,0.0522,0.1245,6740,0.1574,2.1331,0.1572
or,c-0.05_-0.05_0.05,uniform,0.05,0.05,0.05,0,sunlamp,3.0311,6.3655,0.0880,2791,2.9578,7.2414,1.0188,1.8407,3.2606,0.0818,0.1306,2791,-0.0733,2.6336,0.1611
or,c-0.05_-0.05_0.05,uniform,0.05,0.05,0.05,0,lightbox,1.9960,7.8428,0.0460,6740,1.9702,7.9876,0.6906,1.1376,1.8564,0.0443,0.0914,6740,-0.0259,2.2356,0.1590
or,c-0.05_-0.05_0.1,uniform,0.05,0.05,0.05,0,sunlamp,3.0311,6.3655,0.0880,2791,2.8996,6.7677,1.0160,1.8475,3.1971,0.0820,0.1118,2791,-0.1316,2.3118,0.1256
or,c-0.05_-0.05_0.1,uniform,0.05,0.05,0.05,0,lightbox,1.9960,7.8428,0.0460,6740,1.9660,7.9809,0.7055,1.1460,1.8369,0.0446,0.0875,6740,-0.0301,2.2162,0.1249
or,c-0.05_-0.05_0.15,uniform,0.05,0.05,0.05,0,sunlamp,3.0311,6.3655,0.0880,2791,2.9171,6.6169,1.0553,1.8780,3.2781,0.0833,0.1229,2791,-0.1140,2.3793,0.1238
or,c-0.05_-0.05_0.15,uniform,0.05,0.05,0.05,0,lightbox,1.9960,7.8428,0.0460,6740,1.9856,7.9612,0.7073,1.1518,1.8508,0.0448,0.0883,6740,-0.0105,2.4048,0.1229
or,c-0.05_-0.05_0.2,uniform,0.05,0.05,0.05,0,sunlamp,3.0311,6.3655,0.0880,2791,3.0768,6.7178,1.0522,1.9464,3.4772,0.0911,0.1490,2791,0.0457,1.9302,0.1321
or,c-0.05_-0.05_0.2,uniform,0.05,0.05,0.05,0,lightbox,1.9960,7.8428,0.0460,6740,2.0249,8.1058,0.7292,1.1766,1.8884,0.0474,0.1116,6740,0.0288,2.4425,0.1316
or,c-0.05_-0.05_0.25,uniform,0.05,0.05,0.05,0,sunlamp,3.0311,6.3655,0.0880,2791,3.1365,6.7965,1.0979,1.9677,3.4574,0.0971,0.1425,2791,0.1053,2.3960,0.1590
or,c-0.05_-0.05_0.25,uniform,0.05,0.05,0.05,0,lightbox,1.9960,7.8428,0.0460,6740,2.1362,8.1647,0.7514,1.2074,1.9510,0.0517,0.1213,6740,0.1401,2.4040,0.1583
or,c-0.05_0_0.05,uniform,0.05,0.05,0.05,0,sunlamp,3.0311,6.3655,0.0880,2791,2.9121,6.6307,1.0339,1.8045,3.2479,0.0819,0.1324,2791,-0.1190,2.1664,0.1606
or,c-0.05_0_0.05,uniform,0.05,0.05,0.05,0,lightbox,1.9960,7.8428,0.0460,6740,1.9490,7.8395,0.6900,1.1342,1.8586,0.0447,0.1045,6740,-0.0471,2.1527,0.1585
or,c-0.05_0_0.1,uniform,0.05,0.05,0.05,0,sunlamp,3.0311,6.3655,0.0880,2791,2.9230,6.8894,1.0281,1.8429,3.2613,0.0827,0.1206,2791,-0.1081,2.3576,0.1258
or,c-0.05_0_0.1,uniform,0.05,0.05,0.05,0,lightbox,1.9960,7.8428,0.0460,6740,1.9479,7.7856,0.7064,1.1411,1.8232,0.0447,0.0905,6740,-0.0481,1.0522,0.1250
or,c-0.05_0_0.15,uniform,0.05,0.05,0.05,0,sunlamp,3.0311,6.3655,0.0880,2791,2.9758,6.2875,1.0578,1.9098,3.3044,0.0837,0.1164,2791,-0.0553,2.0765,0.1240
or,c-0.05_0_0.15,uniform,0.05,0.05,0.05,0,lightbox,1.9960,7.8428,0.0460,6740,1.9730,7.8516,0.7149,1.1508,1.8485,0.0451,0.0963,6740,-0.0231,2.0366,0.1230
or,c-0.05_0_0.2,uniform,0.05,0.05,0.05,0,sunlamp,3.0311,6.3655,0.0880,2791,3.0434,6.4491,1.0776,1.9385,3.4637,0.0901,0.1400,2791,0.0123,1.8426,0.1323
or,c-0.05_0_0.2,uniform,0.05,0.05,0.05,0,lightbox,1.9960,7.8428,0.0460,6740,2.0229,7.8501,0.7264,1.1804,1.8874,0.0472,0.1118,6740,0.0269,2.3668,0.1317
or,c-0.05_0_0.25,uniform,0.05,0.05,0.05,0,sunlamp,3.0311,6.3655,0.0880,2791,3.1056,6.7605,1.1046,1.9561,3.4402,0.0964,0.1365,2791,0.0744,2.4191,0.1591
or,c-0.05_0_0.25,uniform,0.05,0.05,0.05,0,lightbox,1.9960,7.8428,0.0460,6740,2.1128,7.9633,0.7490,1.2060,1.9470,0.0515,0.1145,6740,0.1168,1.8486,0.1584
or,c-0.05_0.05_0.05,uniform,0.05,0.05,0.05,0,sunlamp,3.0311,6.3655,0.0880,2791,2.9321,6.4183,1.0372,1.8383,3.3012,0.0811,0.1199,2791,-0.0990,1.8967,0.1605
or,c-0.05_0.05_0.05,uniform,0.05,0.05,0.05,0,lightbox,1.9960,7.8428,0.0460,6740,1.9357,7.7677,0.6912,1.1388,1.8565,0.0448,0.1034,6740,-0.0604,2.5552,0.1584
or,c-0.05_0.05_0.1,uniform,0.05,0.05,0.05,0,sunlamp,3.0311,6.3655,0.0880,2791,2.8860,6.6892,1.0383,1.8289,3.2090,0.0836,0.1435,2791,-0.1452,2.4401,0.1259
or,c-0.05_0.05_0.1,uniform,0.05,0.05,0.05,0,lightbox,1.9960,7.8428,0.0460,6740,1.9532,7.8124,0.7015,1.1456,1.8373,0.0451,0.0984,6740,-0.0428,2.1509,0.1251
or,c-0.05_0.05_0.15,uniform,0.05,0.05,0.05,0,sunlamp,3.0311,6.3655,0.0880,2791,2.9327,6.4005,1.0442,1.8804,3.2867,0.0835,0.1206,2791,-0.0984,1.7535,0.1241
or,c-0.05_0.05_0.15,uniform,0.05,0.05,0.05,0,lightbox,1.9960,7.8428,0.0460,6740,1.9329,7.5348,0.7124,1.1491,1.8434,0.0453,0.0973,6740,-0.0632,1.9788,0.1231
or,c-0.05_0.05_0.2,uniform,0.05,0.05,0.05,0,sunlamp,3.0311,6.3655,0.0880,2791,3.0651,6.7362,1.0885,1.9354,3.4548,0.0911,0.1509,2791,0.0340,1.9880,0.1324
or,c-0.05_0.05_0.2,uniform,0.05,0.05,0.05,0,lightbox,1.9960,7.8428,0.0460,6740,2.0154,7.8793,0.7319,1.1844,1.8944,0.0466,0.1022,6740,0.0194,1.7864,0.1319
or,c-0.05_0.05_0.25,uniform,0.05,0.05,0.05,0,sunlamp,3.0311,6.3655,0.0880,2791,3.1238,6.8292,1.0956,1.9920,3.4767,0.0967,0.1391,2791,0.0927,2.6476,0.1593
or,c-0.05_0.05_0.25,uniform,0.05,0.05,0.05,0,lightbox,1.9960,7.8428,0.0460,6740,2.1404,8.2653,0.7489,1.2047,1.9547,0.0513,0.1194,6740,0.1444,2.5595,0.1586
or,c-0.05_0.1_0.05,uniform,0.05,0.05,0.05,0,sunlamp,3.0311,6.3655,0.0880,2791,2.9190,6.4021,1.0417,1.8268,3.2892,0.0830,0.1373,2791,-0.1121,1.9785,0.1606
or,c-0.05_0.1_0.05,uniform,0.05,0.05,0.05,0,lightbox,1.9960,7.8428,0.0460,6740,1.9500,7.8130,0.6861,1.1411,1.8720,0.0447,0.1004,6740,-0.0461,2.1777,0.1585
or,c-0.05_0.1_0.1,uniform,0.05,0.05,0.05,0,sunlamp,3.0311,6.3655,0.0880,2791,2.9590,7.4026,1.0259,1.8827,3.2306,0.0814,0.1071,2791,-0.0721,3.0941,0.1258
or,c-0.05_0.1_0.1,uniform,0.05,0.05,0.05,0,lightbox,1.9960,7.8428,0.0460,6740,1.9342,7.7912,0.7021,1.1467,1.8474,0.0449,0.0937,6740,-0.0618,1.8897,0.1250
or,c-0.05_0.1_0.15,uniform,0.05,0.05,0.05,0,sunlamp,3.0311,6.3655,0.0880,2791,2.8933,5.8589,1.0620,1.8800,3.3093,0.0848,0.1263,2791,-0.1378,2.1573,0.1240
or,c-0.05_0.1_0.15,uniform,0.05,0.05,0.05,0,lightbox,1.9960,7.8428,0.0460,6740,1.9460,7.6469,0.7131,1.1567,1.8523,0.0450,0.0987,6740,-0.0500,1.9897,0.1230
or,c-0.05_0.1_0.2,uniform,0.05,0.05,0.05,0,sunlamp,3.0311,6.3655,0.0880,2791,3.0689,6.8406,1.0883,1.9423,3.4135,0.0905,0.1412,2791,0.0377,2.2810,0.1323
or,c-0.05_0.1_0.2,uniform,0.05,0.05,0.05,0,lightbox,1.9960,7.8428,0.0460,6740,2.0165,7.8112,0.7334,1.1768,1.8937,0.0467,0.0988,6740,0.0205,1.9136,0.1318
or,c-0.05_0.1_0.25,uniform,0.05,0.05,0.05,0,sunlamp,3.0311,6.3655,0.0880,2791,3.0811,5.9902,1.1054,2.0023,3.5095,0.0979,0.1450,2791,0.0500,2.3304,0.1591
or,c-0.05_0.1_0.25,uniform,0.05,0.05,0.05,0,lightbox,1.9960,7.8428,0.0460,6740,2.1263,7.8523,0.7585,1.2190,1.9727,0.0518,0.1175,6740,0.1303,1.8652,0.1584
or,c-0.05_0.15_0.05,uniform,0.05,0.05,0.05,0,sunlamp,3.0311,6.3655,0.0880,2791,2.9957,7.0959,1.0378,1.8230,3.2555,0.0829,0.1341,2791,-0.0354,3.0247,0.1606
or,c-0.05_0.15_0.05,uniform,0.05,0.05,0.05,0,lightbox,1.9960,7.8428,0.0460,6740,1.9497,7.7241,0.6944,1.1450,1.8505,0.0443,0.0905,6740,-0.0463,2.0604,0.1584
or,c-0.05_0.15_0.1,uniform,0.05,0.05,0.05,0,sunlamp,3.0311,6.3655,0.0880,2791,2.9169,6.4832,1.0487,1.8661,3.2446,0.0825,0.1074,2791,-0.1142,1.9107,0.1257
or,c-0.05_0.15_0.1,uniform,0.05,0.05,0.05,0,lightbox,1.9960,7.8428,0.0460,6740,1.9278,7.5450,0.7129,1.1574,1.8450,0.0448,0.0923,6740,-0.0682,1.6909,0.1248
or,c-0.05_0.15_0.15,uniform,0.05,0.05,0.05,0,sunlamp,3.0311,6.3655,0.0880,2791,2.9332,5.9893,1.0629,1.9008,3.3277,0.0847,0.1285,2791,-0.0979,2.1491,0.1240
or,c-0.05_0.15_0.15,uniform,0.05,0.05,0.05,0,lightbox,1.9960,7.8428,0.0460,6740,1.9737,7.7896,0.7207,1.1556,1.8539,0.0453,0.1006,6740,-0.0223,2.2155,0.1229
or,c-0.05_0.15_0.2,uniform,0.05,0.05,0.05,0,sunlamp,3.0311,6.3655,0.0880,2791,3.0670,6.5505,1.0842,1.9500,3.4043,0.0902,0.1429,2791,0.0358,1.9277,0.1323
or,c-0.05_0.15_0.2,uniform,0.05,0.05,0.05,0,lightbox,1.9960,7.8428,0.0460,6740,2.0040,7.6612,0.7284,1.1787,1.9161,0.0475,0.1109,6740,0.0080,2.1160,0.1316
or,c-0.05_0.15_0.25,uniform,0.05,0.05,0.05,0,sunlamp,3.0311,6.3655,0.0880,2791,3.1627,6.8507,1.1305,2.0094,3.5132,0.0984,0.1423,2791,0.1316,2.7412,0.1590
or,c-0.05_0.15_0.25,uniform,0.05,0.05,0.05,0,lightbox,1.9960,7.8428,0.0460,6740,2.1276,8.1026,0.7596,1.2178,1.9714,0.0513,0.1082,6740,0.1316,1.9943,0.1582
or,c0_-0.05_0.05,uniform,0.05,0.05,0.05,0,sunlamp,3.0311,6.3655,0.0880,2791,2.9821,7.1109,1.0272,1.8050,3.2794,0.0831,0.1372,2791,-0.0490,2.5211,0.1610
or,c0_-0.05_0.05,uniform,0.05,0.05,0.05,0,lightbox,1.9960,7.8428,0.0460,6740,1.9676,7.9653,0.6930,1.1295,1.8444,0.0439,0.0888,6740,-0.0284,2.0670,0.1589
or,c0_-0.05_0.1,uniform,0.05,0.05,0.05,0,sunlamp,3.0311,6.3655,0.0880,2791,2.8765,6.7704,1.0227,1.8445,3.2138,0.0825,0.1177,2791,-0.1547,2.4210,0.1258
or,c0_-0.05_0.1,uniform,0.05,0.05,0.05,0,lightbox,1.9960,7.8428,0.0460,6740,1.9630,7.9018,0.7076,1.1501,1.8472,0.0446,0.0914,6740,-0.0330,2.1936,0.1251
or,c0_-0.05_0.15,uniform,0.05,0.05,0.05,0,sunlamp,3.0311,6.3655,0.0880,2791,2.9278,6.5377,1.0568,1.8958,3.2959,0.0830,0.1130,2791,-0.1033,2.1513,0.1240
or,c0_-0.05_0.15,uniform,0.05,0.05,0.05,0,lightbox,1.9960,7.8428,0.0460,6740,1.9700,7.7145,0.7117,1.1575,1.8541,0.0446,0.0915,6740,-0.0261,2.2450,0.1231
or,c0_-0.05_0.2,uniform,0.05,0.05,0.05,0,sunlamp,3.0311,6.3655,0.0880,2791,3.0244,6.6273,1.0660,1.9545,3.4551,0.0891,0.1381,2791,-0.0068,1.9583,0.1322
or,c0_-0.05_0.2,uniform,0.05,0.05,0.05,0,lightbox,1.9960,7.8428,0.0460,6740,2.0029,7.6637,0.7295,1.1794,1.8965,0.0464,0.0896,6740,0.0068,2.1225,0.1317
or,c0_-0.05_0.25,uniform,0.05,0.05,0.05,0,sunlamp,3.0311,6.3655,0.0880,2791,3.1251,6.6640,1.1051,1.9796,3.4725,0.0970,0.1428,2791,0.0939,2.2615,0.1591
or,c0_-0.05_0.25,uniform,0.05,0.05,0.05,0,lightbox,1.9960,7.8428,0.0460,6740,2.1574,7.9371,0.7504,1.2069,1.9517,0.0509,0.1104,6740,0.1614,1.8806,0.1584
or,c0_0_0.05,uniform,0.05,0.05,0.05,0,sunlamp,3.0311,6.3655,0.0880,2791,2.9160,6.6378,1.0163,1.8245,3.2645,0.0809,0.1117,2791,-0.1151,2.2339,0.1606
or,c0_0_0.05,uniform,0.05,0.05,0.05,0,lightbox,1.9960,7.8428,0.0460,6740,1.9461,7.7694,0.6898,1.1299,1.8379,0.0438,0.0874,6740,-0.0500,1.9999,0.1585
or,c0_0_0.1,uniform,0.05,0.05,0.05,0,sunlamp,3.0311,6.3655,0.0880,2791,2.8825,6.5174,1.0152,1.8804,3.2430,0.0823,0.1223,2791,-0.1486,2.1911,0.1259
or,c0_0_0.1,uniform,0.05,0.05,0.05,0,lightbox,1.9960,7.8428,0.0460,6740,1.9293,7.5792,0.7060,1.1379,1.8340,0.0444,0.0877,6740,-0.0668,1.6010,0.1252
or,c0_0_0.15,uniform,0.05,0.05,0.05,0,sunlamp,3.0311,6.3655,0.0880,2791,2.9414,6.5637,1.0581,1.8780,3.3466,0.0839,0.1163,2791,-0.0897,2.2837,0.1241
or,c0_0_0.15,uniform,0.05,0.05,0.05,0,lightbox,1.9960,7.8428,0.0460,6740,1.9529,7.6403,0.7122,1.1586,1.8575,0.0447,0.0921,6740,-0.0432,1.5103,0.1232
or,c0_0_0.2,uniform,0.05,0.05,0.05,0,sunlamp,3.0311,6.3655,0.0880,2791,3.0103,5.9455,1.0546,1.9393,3.4112,0.0901,0.1432,2791,-0.0208,1.8300,0.1323
or,c0_0_0.2,uniform,0.05,0.05,0.05,0,lightbox,1.9960,7.8428,0.0460,6740,1.9794,7.6770,0.7293,1.1759,1.8722,0.0463,0.0934,6740,-0.0166,1.6714,0.1318
or,c0_0_0.25,uniform,0.05,0.05,0.05,0,sunlamp,3.0311,6.3655,0.0880,2791,3.1326,6.4944,1.1061,1.9991,3.4662,0.0970,0.1445,2791,0.1015,2.5473,0.1592
or,c0_0_0.25,uniform,0.05,0.05,0.05,0,lightbox,1.9960,7.8428,0.0460,6740,2.0876,7.8838,0.7516,1.2075,1.9452,0.0503,0.0938,6740,0.0916,1.9902,0.1585
or,c0_0.05_0.05,uniform,0.05,0.05,0.05,0,sunlamp,3.0311,6.3655,0.0880,2791,2.9741,7.0029,1.0394,1.8208,3.2275,0.0832,0.1250,2791,-0.0570,2.2657,0.1605
or,c0_0.05_0.05,uniform,0.05,0.05,0.05,0,lightbox,1.9960,7.8428,0.0460,6740,1.9260,7.6100,0.6873,1.1389,1.8437,0.0439,0.0879,6740,-0.0700,1.4467,0.1584
or,c0_0.05_0.1,uniform,0.05,0.05,0.05,0,sunlamp,3.0311,6.3655,0.0880,2791,2.9031,6.3796,1.0408,1.8319,3.2310,0.0837,0.1285,2791,-0.1281,2.3837,0.1260
or,c0_0.05_0.1,uniform,0.05,0.05,0.05,0,lightbox,1.9960,7.8428,0.0460,6740,1.9220,7.4474,0.7091,1.1474,1.8465,0.0444,0.0869,6740,-0.0741,1.7503,0.1253
or,c0_0.05_0.15,uniform,0.05,0.05,0.05,0,sunlamp,3.0311,6.3655,0.0880,2791,2.9325,6.1329,1.0425,1.8908,3.3341,0.0845,0.1265,2791,-0.0987,2.1003,0.1242
or,c0_0.05_0.15,uniform,0.05,0.05,0.05,0,lightbox,1.9960,7.8428,0.0460,6740,1.9520,7.6710,0.7090,1.1491,1.8416,0.0445,0.0880,6740,-0.0440,1.7885,0.1233
or,c0_0.05_0.2,uniform,0.05,0.05,0.05,0,sunlamp,3.0311,6.3655,0.0880,2791,3.0483,6.5609,1.0822,1.9558,3.4272,0.0905,0.1403,2791,0.0171,2.1283,0.1325
or,c0_0.05_0.2,uniform,0.05,0.05,0.05,0,lightbox,1.9960,7.8428,0.0460,6740,1.9849,7.4909,0.7237,1.1744,1.8847,0.0464,0.0894,6740,-0.0111,2.0361,0.1320
or,c0_0.05_0.25,uniform,0.05,0.05,0.05,0,sunlamp,3.0311,6.3655,0.0880,2791,3.1362,6.5025,1.1036,1.9896,3.4848,0.0974,0.1430,2791,0.1051,2.9769,0.1593
or,c0_0.05_0.25,uniform,0.05,0.05,0.05,0,lightbox,1.9960,7.8428,0.0460,6740,2.1457,7.9676,0.7545,1.2091,1.9600,0.0506,0.0915,6740,0.1497,1.7193,0.1587
or,c0_0.1_0.05,uniform,0.05,0.05,0.05,0,sunlamp,3.0311,6.3655,0.0880,2791,3.0348,7.4548,1.0283,1.8295,3.3264,0.0823,0.1262,2791,0.0037,3.0849,0.1605
or,c0_0.1_0.05,uniform,0.05,0.05,0.05,0,lightbox,1.9960,7.8428,0.0460,6740,1.9217,7.4414,0.6925,1.1412,1.8393,0.0442,0.0844,6740,-0.0743,1.9339,0.1585
or,c0_0.1_0.1,uniform,0.05,0.05,0.05,0,sunlamp,3.0311,6.3655,0.0880,2791,2.8954,6.1938,1.0292,1.8543,3.2803,0.0833,0.1309,2791,-0.1358,2.0656,0.1259
or,c0_0.1_0.1,uniform,0.05,0.05,0.05,0,lightbox,1.9960,7.8428,0.0460,6740,1.9261,7.4407,0.7008,1.1415,1.8319,0.0447,0.0907,6740,-0.0699,1.8675,0.1252
or,c0_0.1_0.15,uniform,0.05,0.05,0.05,0,sunlamp,3.0311,6.3655,0.0880,2791,2.9142,6.1841,1.0632,1.8763,3.3107,0.0820,0.1107,2791,-0.1169,2.0644,0.1241
or,c0_0.1_0.15,uniform,0.05,0.05,0.05,0,lightbox,1.9960,7.8428,0.0460,6740,1.9176,7.3957,0.7088,1.1542,1.8651,0.0444,0.0878,6740,-0.0785,1.9180,0.1232
or,c0_0.1_0.2,uniform,0.05,0.05,0.05,0,sunlamp,3.0311,6.3655,0.0880,2791,2.9914,6.0304,1.0832,1.9427,3.4227,0.0903,0.1398,2791,-0.0397,2.0138,0.1324
or,c0_0.1_0.2,uniform,0.05,0.05,0.05,0,lightbox,1.9960,7.8428,0.0460,6740,2.0040,7.4998,0.7298,1.1752,1.8904,0.0465,0.0918,6740,0.0080,2.0322,0.1319
or,c0_0.1_0.25,uniform,0.05,0.05,0.05,0,sunlamp,3.0311,6.3655,0.0880,2791,3.0739,6.1296,1.1164,2.0183,3.4848,0.0964,0.1367,2791,0.0427,2.3494,0.1592
or,c0_0.1_0.25,uniform,0.05,0.05,0.05,0,lightbox,1.9960,7.8428,0.0460,6740,2.1214,7.8592,0.7507,1.2137,1.9478,0.0505,0.0937,6740,0.1253,1.5269,0.1585
or,c0_0.15_0.05,uniform,0.05,0.05,0.05,0,sunlamp,3.0311,6.3655,0.0880,2791,3.0233,7.1763,1.0232,1.8133,3.2833,0.0830,0.1266,2791,-0.0079,2.8019,0.1605
or,c0_0.15_0.05,uniform,0.05,0.05,0.05,0,lightbox,1.9960,7.8428,0.0460,6740,1.9495,7.5738,0.6975,1.1427,1.8626,0.0442,0.0864,6740,-0.0465,1.8746,0.1584
or,c0_0.15_0.1,uniform,0.05,0.05,0.05,0,sunlamp,3.0311,6.3655,0.0880,2791,2.9517,6.6148,1.0351,1.8686,3.2560,0.0838,0.1326,2791,-0.0795,2.4709,0.1259
or,c0_0.15_0.1,uniform,0.05,0.05,0.05,0,lightbox,1.9960,7.8428,0.0460,6740,1.9338,7.5235,0.7138,1.1528,1.8448,0.0444,0.0853,6740,-0.0623,1.5622,0.1251
or,c0_0.15_0.15,uniform,0.05,0.05,0.05,0,sunlamp,3.0311,6.3655,0.0880,2791,3.0021,6.9596,1.0403,1.8937,3.3438,0.0847,0.1193,2791,-0.0291,2.0237,0.1241
or,c0_0.15_0.15,uniform,0.05,0.05,0.05,0,lightbox,1.9960,7.8428,0.0460,6740,1.9652,7.5660,0.7205,1.1447,1.8525,0.0448,0.0884,6740,-0.0308,1.7759,0.1231
or,c0_0.15_0.2,uniform,0.05,0.05,0.05,0,sunlamp,3.0311,6.3655,0.0880,2791,3.0869,7.3677,1.0775,1.9573,3.3861,0.0909,0.1401,2791,0.0558,2.7435,0.1324
or,c0_0.15_0.2,uniform,0.05,0.05,0.05,0,lightbox,1.9960,7.8428,0.0460,6740,1.9908,7.6361,0.7336,1.1816,1.9081,0.0463,0.0888,6740,-0.0052,1.8770,0.1318
or,c0_0.15_0.25,uniform,0.05,0.05,0.05,0,sunlamp,3.0311,6.3655,0.0880,2791,3.1491,6.2172,1.1105,2.0048,3.4918,0.0995,0.1588,2791,0.1179,2.2189,0.1591
or,c0_0.15_0.25,uniform,0.05,0.05,0.05,0,lightbox,1.9960,7.8428,0.0460,6740,2.1485,7.9550,0.7588,1.2217,1.9718,0.0505,0.0900,6740,0.1525,2.0987,0.1584
or,c0.05_-0.05_0.05,uniform,0.05,0.05,0.05,0,sunlamp,3.0311,6.3655,0.0880,2791,2.9165,6.4602,1.0261,1.8174,3.2790,0.0803,0.1120,2791,-0.1146,2.1409,0.1610
or,c0.05_-0.05_0.05,uniform,0.05,0.05,0.05,0,lightbox,1.9960,7.8428,0.0460,6740,1.9632,7.9736,0.6934,1.1353,1.8685,0.0443,0.0929,6740,-0.0328,2.0563,0.1588
or,c0.05_-0.05_0.1,uniform,0.05,0.05,0.05,0,sunlamp,3.0311,6.3655,0.0880,2791,2.8376,6.3195,1.0259,1.8567,3.2365,0.0809,0.1032,2791,-0.1935,2.3087,0.1253
or,c0.05_-0.05_0.1,uniform,0.05,0.05,0.05,0,lightbox,1.9960,7.8428,0.0460,6740,1.9672,8.1799,0.7036,1.1416,1.8326,0.0444,0.0885,6740,-0.0288,2.4821,0.1245
or,c0.05_-0.05_0.15,uniform,0.05,0.05,0.05,0,sunlamp,3.0311,6.3655,0.0880,2791,2.9763,6.8331,1.0313,1.8686,3.2803,0.0828,0.1241,2791,-0.0549,2.2771,0.1234
or,c0.05_-0.05_0.15,uniform,0.05,0.05,0.05,0,lightbox,1.9960,7.8428,0.0460,6740,1.9909,7.9358,0.7142,1.1455,1.8451,0.0450,0.0924,6740,-0.0051,2.3562,0.1225
or,c0.05_-0.05_0.2,uniform,0.05,0.05,0.05,0,sunlamp,3.0311,6.3655,0.0880,2791,3.0055,6.7099,1.0724,1.9301,3.4405,0.0888,0.1312,2791,-0.0256,2.1763,0.1318
or,c0.05_-0.05_0.2,uniform,0.05,0.05,0.05,0,lightbox,1.9960,7.8428,0.0460,6740,2.0281,7.9009,0.7306,1.1787,1.9004,0.0468,0.0966,6740,0.0321,1.7592,0.1312
or,c0.05_-0.05_0.25,uniform,0.05,0.05,0.05,0,sunlamp,3.0311,6.3655,0.0880,2791,3.1119,6.6726,1.1057,2.0046,3.4594,0.0963,0.1387,2791,0.0808,2.1355,0.1586
or,c0.05_-0.05_0.25,uniform,0.05,0.05,0.05,0,lightbox,1.9960,7.8428,0.0460,6740,2.1179,7.9848,0.7510,1.2002,1.9460,0.0512,0.1124,6740,0.1219,2.3785,0.1578
or,c0.05_0_0.05,uniform,0.05,0.05,0.05,0,sunlamp,3.0311,6.3655,0.0880,2791,2.9573,6.5489,1.0349,1.8370,3.2590,0.0814,0.1195,2791,-0.0739,2.0309,0.1605
or,c0.05_0_0.05,uniform,0.05,0.05,0.05,0,lightbox,1.9960,7.8428,0.0460,6740,1.9523,7.9164,0.6894,1.1372,1.8389,0.0440,0.0867,6740,-0.0438,2.2025,0.1584
or,c0.05_0_0.1,uniform,0.05,0.05,0.05,0,sunlamp,3.0311,6.3655,0.0880,2791,2.8795,6.3107,1.0376,1.8449,3.2155,0.0821,0.1132,2791,-0.1517,1.9092,0.1254
or,c0.05_0_0.1,uniform,0.05,0.05,0.05,0,lightbox,1.9960,7.8428,0.0460,6740,1.9667,8.1395,0.7064,1.1418,1.8389,0.0447,0.0929,6740,-0.0293,1.7587,0.1246
or,c0.05_0_0.15,uniform,0.05,0.05,0.05,0,sunlamp,3.0311,6.3655,0.0880,2791,2.9040,6.0752,1.0475,1.8701,3.3248,0.0819,0.1090,2791,-0.1271,2.2956,0.1235
or,c0.05_0_0.15,uniform,0.05,0.05,0.05,0,lightbox,1.9960,7.8428,0.0460,6740,1.9572,7.6821,0.7115,1.1511,1.8392,0.0448,0.0899,6740,-0.0389,1.9718,0.1226
or,c0.05_0_0.2,uniform,0.05,0.05,0.05,0,sunlamp,3.0311,6.3655,0.0880,2791,3.0043,5.9346,1.0799,1.9625,3.4103,0.0889,0.1368,2791,-0.0268,2.0606,0.1319
or,c0.05_0_0.2,uniform,0.05,0.05,0.05,0,lightbox,1.9960,7.8428,0.0460,6740,2.0162,7.7779,0.7233,1.1747,1.9002,0.0462,0.0900,6740,0.0201,2.2752,0.1314
or,c0.05_0_0.25,uniform,0.05,0.05,0.05,0,sunlamp,3.0311,6.3655,0.0880,2791,3.0819,6.2061,1.1025,2.0040,3.4331,0.0985,0.1673,2791,0.0507,2.0692,0.1587
or,c0.05_0_0.25,uniform,0.05,0.05,0.05,0,lightbox,1.9960,7.8428,0.0460,6740,2.1345,8.1135,0.7415,1.2026,1.9567,0.0501,0.0895,6740,0.1385,2.2741,0.1580
or,c0.05_0.05_0.05,uniform,0.05,0.05,0.05,0,sunlamp,3.0311,6.3655,0.0880,2791,2.9182,6.1603,1.0242,1.8089,3.3068,0.0825,0.1358,2791,-0.1129,2.2594,0.1604
or,c0.05_0.05_0.05,uniform,0.05,0.05,0.05,0,lightbox,1.9960,7.8428,0.0460,6740,1.9580,7.8114,0.6927,1.1323,1.8565,0.0437,0.0861,6740,-0.0381,2.2632,0.1583
or,c0.05_0.05_0.1,uniform,0.05,0.05,0.05,0,sunlamp,3.0311,6.3655,0.0880,2791,2.8847,6.3195,1.0494,1.8647,3.2436,0.0815,0.1133,2791,-0.1464,2.2589,0.1255
or,c0.05_0.05_0.1,uniform,0.05,0.05,0.05,0,lightbox,1.9960,7.8428,0.0460,6740,1.9448,7.8761,0.7085,1.1434,1.8331,0.0443,0.0886,6740,-0.0512,2.0590,0.1247
or,c0.05_0.05_0.15,uniform,0.05,0.05,0.05,0,sunlamp,3.0311,6.3655,0.0880,2791,2.9253,6.2460,1.0575,1.8841,3.2848,0.0824,0.1111,2791,-0.1059,2.2239,0.1237
or,c0.05_0.05_0.15,uniform,0.05,0.05,0.05,0,lightbox,1.9960,7.8428,0.0460,6740,1.9720,7.8003,0.7148,1.1487,1.8455,0.0450,0.0947,6740,-0.0240,1.8683,0.1227
or,c0.05_0.05_0.2,uniform,0.05,0.05,0.05,0,sunlamp,3.0311,6.3655,0.0880,2791,3.0520,6.9626,1.0745,1.9469,3.4170,0.0906,0.1452,2791,0.0208,2.8631,0.1320
or,c0.05_0.05_0.2,uniform,0.05,0.05,0.05,0,lightbox,1.9960,7.8428,0.0460,6740,2.0047,7.7945,0.7296,1.1717,1.9018,0.0462,0.0902,6740,0.0087,2.0037,0.1315
or,c0.05_0.05_0.25,uniform,0.05,0.05,0.05,0,sunlamp,3.0311,6.3655,0.0880,2791,3.1229,7.0110,1.1158,1.9888,3.4293,0.0990,0.1668,2791,0.0918,2.7562,0.1588
or,c0.05_0.05_0.25,uniform,0.05,0.05,0.05,0,lightbox,1.9960,7.8428,0.0460,6740,2.1109,7.8673,0.7578,1.2076,1.9622,0.0504,0.0942,6740,0.1148,2.0338,0.1581
or,c0.05_0.1_0.05,uniform,0.05,0.05,0.05,0,sunlamp,3.0311,6.3655,0.0880,2791,2.9351,6.2141,1.0442,1.8320,3.2887,0.0834,0.1390,2791,-0.0960,2.0588,0.1605
or,c0.05_0.1_0.05,uniform,0.05,0.05,0.05,0,lightbox,1.9960,7.8428,0.0460,6740,1.9346,7.6595,0.6890,1.1263,1.8512,0.0442,0.0884,6740,-0.0615,2.1942,0.1584
or,c0.05_0.1_0.1,uniform,0.05,0.05,0.05,0,sunlamp,3.0311,6.3655,0.0880,2791,2.8855,6.1486,1.0343,1.8438,3.2661,0.0828,0.1120,2791,-0.1457,2.2720,0.1254
or,c0.05_0.1_0.1,uniform,0.05,0.05,0.05,0,lightbox,1.9960,7.8428,0.0460,6740,1.9380,7.8264,0.7038,1.1444,1.8451,0.0445,0.0840,6740,-0.0580,2.0361,0.1246
or,c0.05_0.1_0.15,uniform,0.05,0.05,0.05,0,sunlamp,3.0311,6.3655,0.0880,2791,2.9411,6.3036,1.0658,1.8874,3.2671,0.0843,0.1333,2791,-0.0900,2.0366,0.1236
or,c0.05_0.1_0.15,uniform,0.05,0.05,0.05,0,lightbox,1.9960,7.8428,0.0460,6740,1.9636,7.8169,0.7239,1.1609,1.8466,0.0446,0.0886,6740,-0.0324,1.9294,0.1226
or,c0.05_0.1_0.2,uniform,0.05,0.05,0.05,0,sunlamp,3.0311,6.3655,0.0880,2791,3.0733,6.4038,1.0820,1.9612,3.4161,0.0925,0.1505,2791,0.0421,2.1510,0.1319
or,c0.05_0.1_0.2,uniform,0.05,0.05,0.05,0,lightbox,1.9960,7.8428,0.0460,6740,2.0195,7.7471,0.7331,1.1794,1.9007,0.0463,0.0921,6740,0.0234,1.9503,0.1314
or,c0.05_0.1_0.25,uniform,0.05,0.05,0.05,0,sunlamp,3.0311,6.3655,0.0880,2791,3.0759,6.0871,1.1185,1.9936,3.4868,0.0981,0.1497,2791,0.0448,2.4252,0.1587
or,c0.05_0.1_0.25,uniform,0.05,0.05,0.05,0,lightbox,1.9960,7.8428,0.0460,6740,2.1547,8.2651,0.7592,1.2083,1.9586,0.0509,0.1008,6740,0.1587,2.6001,0.1579
or,c0.05_0.15_0.05,uniform,0.05,0.05,0.05,0,sunlamp,3.0311,6.3655,0.0880,2791,2.9681,7.0593,1.0200,1.8302,3.2767,0.0824,0.1272,2791,-0.0630,2.9103,0.1606
or,c0.05_0.15_0.05,uniform,0.05,0.05,0.05,0,lightbox,1.9960,7.8428,0.0460,6740,1.9603,7.8675,0.6975,1.1334,1.8409,0.0441,0.0870,6740,-0.0358,2.1322,0.1585
or,c0.05_0.15_0.1,uniform,0.05,0.05,0.05,0,sunlamp,3.0311,6.3655,0.0880,2791,2.8699,6.0095,1.0436,1.8626,3.2646,0.0819,0.1045,2791,-0.1612,2.6885,0.1254
or,c0.05_0.15_0.1,uniform,0.05,0.05,0.05,0,lightbox,1.9960,7.8428,0.0460,6740,1.9556,7.7286,0.7061,1.1522,1.8428,0.0451,0.0897,6740,-0.0404,1.8436,0.1245
or,c0.05_0.15_0.15,uniform,0.05,0.05,0.05,0,sunlamp,3.0311,6.3655,0.0880,2791,2.9372,6.2724,1.0451,1.8984,3.3060,0.0858,0.1375,2791,-0.0939,2.2506,0.1236
or,c0.05_0.15_0.15,uniform,0.05,0.05,0.05,0,lightbox,1.9960,7.8428,0.0460,6740,1.9715,7.7313,0.7079,1.1566,1.8448,0.0449,0.0875,6740,-0.0245,2.0405,0.1225
or,c0.05_0.15_0.2,uniform,0.05,0.05,0.05,0,sunlamp,3.0311,6.3655,0.0880,2791,3.0426,6.2327,1.0804,1.9931,3.4254,0.0925,0.1552,2791,0.0114,1.9064,0.1319
or,c0.05_0.15_0.2,uniform,0.05,0.05,0.05,0,lightbox,1.9960,7.8428,0.0460,6740,2.0097,7.7984,0.7308,1.1780,1.9131,0.0464,0.0833,6740,0.0136,1.8593,0.1313
or,c0.05_0.15_0.25,uniform,0.05,0.05,0.05,0,sunlamp,3.0311,6.3655,0.0880,2791,3.1234,6.5046,1.1143,2.0244,3.4743,0.0978,0.1419,2791,0.0923,2.4638,0.1586
or,c0.05_0.15_0.25,uniform,0.05,0.05,0.05,0,lightbox,1.9960,7.8428,0.0460,6740,2.1523,8.2296,0.7576,1.2120,1.9676,0.0510,0.0945,6740,0.1563,2.2060,0.1578
or,c0.1_-0.05_0.05,uniform,0.05,0.05,0.05,0,sunlamp,3.0311,6.3655,0.0880,2791,2.8906,6.6834,1.0170,1.8101,3.2113,0.0816,0.1377,2791,-0.1406,2.3358,0.1613
or,c0.1_-0.05_0.05,uniform,0.05,0.05,0.05,0,lightbox,1.9960,7.8428,0.0460,6740,1.9423,7.7520,0.6905,1.1290,1.8558,0.0441,0.0911,6740,-0.0537,2.2678,0.1591
or,c0.1_-0.05_0.1,uniform,0.05,0.05,0.05,0,sunlamp,3.0311,6.3655,0.0880,2791,2.8582,6.3122,1.0270,1.8473,3.2177,0.0819,0.1124,2791,-0.1730,2.0730,0.1248
or,c0.1_-0.05_0.1,uniform,0.05,0.05,0.05,0,lightbox,1.9960,7.8428,0.0460,6740,1.9569,7.8496,0.7046,1.1389,1.8418,0.0449,0.1004,6740,-0.0391,1.7812,0.1238
or,c0.1_-0.05_0.15,uniform,0.05,0.05,0.05,0,sunlamp,3.0311,6.3655,0.0880,2791,2.9496,6.7420,1.0331,1.8788,3.2804,0.0825,0.1076,2791,-0.0816,2.5544,0.1229
or,c0.1_-0.05_0.15,uniform,0.05,0.05,0.05,0,lightbox,1.9960,7.8428,0.0460,6740,1.9776,7.8180,0.7135,1.1468,1.8518,0.0457,0.1075,6740,-0.0184,1.9756,0.1218
or,c0.1_-0.05_0.2,uniform,0.05,0.05,0.05,0,sunlamp,3.0311,6.3655,0.0880,2791,3.0583,6.7605,1.0550,1.9401,3.4584,0.0898,0.1383,2791,0.0272,2.0362,0.1313
or,c0.1_-0.05_0.2,uniform,0.05,0.05,0.05,0,lightbox,1.9960,7.8428,0.0460,6740,2.0315,7.9177,0.7297,1.1779,1.8948,0.0470,0.1022,6740,0.0354,2.5023,0.1306
or,c0.1_-0.05_0.25,uniform,0.05,0.05,0.05,0,sunlamp,3.0311,6.3655,0.0880,2791,3.1706,7.2238,1.1120,2.0045,3.4946,0.0977,0.1450,2791,0.1395,2.7751,0.1581
or,c0.1_-0.05_0.25,uniform,0.05,0.05,0.05,0,lightbox,1.9960,7.8428,0.0460,6740,2.1543,8.5034,0.7573,1.2107,1.9432,0.0520,0.1246,6740,0.1582,2.6259,0.1573
or,c0.1_0_0.05,uniform,0.05,0.05,0.05,0,sunlamp,3.0311,6.3655,0.0880,2791,2.9397,7.0525,1.0276,1.8286,3.2697,0.0814,0.1223,2791,-0.0915,2.8671,0.1607
or,c0.1_0_0.05,uniform,0.05,0.05,0.05,0,lightbox,1.9960,7.8428,0.0460,6740,1.9465,7.8041,0.6868,1.1345,1.8592,0.0445,0.1017,6740,-0.0495,2.0239,0.1585
or,c0.1_0_0.1,uniform,0.05,0.05,0.05,0,sunlamp,3.0311,6.3655,0.0880,2791,2.8817,6.6512,1.0307,1.8462,3.2272,0.0813,0.1213,2791,-0.1494,2.2718,0.1248
or,c0.1_0_0.1,uniform,0.05,0.05,0.05,0,lightbox,1.9960,7.8428,0.0460,6740,1.9381,7.9405,0.7043,1.1404,1.8385,0.0449,0.1055,6740,-0.0579,1.9043,0.1240
or,c0.1_0_0.15,uniform,0.05,0.05,0.05,0,sunlamp,3.0311,6.3655,0.0880,2791,2.9236,6.0384,1.0430,1.8895,3.3214,0.0828,0.1118,2791,-0.1075,2.3746,0.1230
or,c0.1_0_0.15,uniform,0.05,0.05,0.05,0,lightbox,1.9960,7.8428,0.0460,6740,1.9943,7.9795,0.7097,1.1515,1.8474,0.0453,0.1010,6740,-0.0018,2.3312,0.1219
or,c0.1_0_0.2,uniform,0.05,0.05,0.05,0,sunlamp,3.0311,6.3655,0.0880,2791,3.0791,6.7750,1.0678,1.9474,3.4444,0.0905,0.1380,2791,0.0479,2.0333,0.1314
or,c0.1_0_0.2,uniform,0.05,0.05,0.05,0,lightbox,1.9960,7.8428,0.0460,6740,1.9833,7.4674,0.7230,1.1714,1.8829,0.0464,0.0907,6740,-0.0127,1.7259,0.1308
or,c0.1_0_0.25,uniform,0.05,0.05,0.05,0,sunlamp,3.0311,6.3655,0.0880,2791,3.0914,6.4105,1.1180,2.0136,3.4943,0.0965,0.1394,2791,0.0602,2.7024,0.1583
or,c0.1_0_0.25,uniform,0.05,0.05,0.05,0,lightbox,1.9960,7.8428,0.0460,6740,2.1524,8.3201,0.7537,1.2061,1.9507,0.0513,0.1141,6740,0.1563,2.4777,0.1575
or,c0.1_0.05_0.05,uniform,0.05,0.05,0.05,0,sunlamp,3.0311,6.3655,0.0880,2791,2.9320,6.4859,1.0319,1.8251,3.2418,0.0820,0.1258,2791,-0.0992,2.2157,0.1605
or,c0.1_0.05_0.05,uniform,0.05,0.05,0.05,0,lightbox,1.9960,7.8428,0.0460,6740,1.9457,7.7979,0.6915,1.1342,1.8595,0.0440,0.0882,6740,-0.0504,2.1121,0.1583
or,c0.1_0.05_0.1,uniform,0.05,0.05,0.05,0,sunlamp,3.0311,6.3655,0.0880,2791,2.9137,6.8200,1.0147,1.8483,3.2402,0.0812,0.1115,2791,-0.1175,2.4392,0.1250
or,c0.1_0.05_0.1,uniform,0.05,0.05,0.05,0,lightbox,1.9960,7.8428,0.0460,6740,1.9165,7.5502,0.7068,1.1450,1.8443,0.0444,0.0871,6740,-0.0796,1.9349,0.1241
or,c0.1_0.05_0.15,uniform,0.05,0.05,0.05,0,sunlamp,3.0311,6.3655,0.0880,2791,2.9473,6.4516,1.0556,1.8911,3.3093,0.0830,0.1136,2791,-0.0839,2.7339,0.1232
or,c0.1_0.05_0.15,uniform,0.05,0.05,0.05,0,lightbox,1.9960,7.8428,0.0460,6740,1.9445,7.4908,0.7140,1.1501,1.8554,0.0447,0.0932,6740,-0.0516,1.8405,0.1221
or,c0.1_0.05_0.2,uniform,0.05,0.05,0.05,0,sunlamp,3.0311,6.3655,0.0880,2791,3.0498,6.6119,1.0762,1.9453,3.4221,0.0901,0.1437,2791,0.0187,1.8940,0.1315
or,c0.1_0.05_0.2,uniform,0.05,0.05,0.05,0,lightbox,1.9960,7.8428,0.0460,6740,2.0100,7.7133,0.7283,1.1714,1.8954,0.0468,0.1010,6740,0.0139,2.0459,0.1309
or,c0.1_0.05_0.25,uniform,0.05,0.05,0.05,0,sunlamp,3.0311,6.3655,0.0880,2791,3.0828,6.0298,1.1116,1.9906,3.5186,0.0972,0.1398,2791,0.0516,2.5186,0.1584
or,c0.1_0.05_0.25,uniform,0.05,0.05,0.05,0,lightbox,1.9960,7.8428,0.0460,6740,2.1526,8.2075,0.7574,1.2101,1.9609,0.0510,0.1117,6740,0.1566,2.7844,0.1576
or,c0.1_0.1_0.05,uniform,0.05,0.05,0.05,0,sunlamp,3.0311,6.3655,0.0880,2791,2.9784,6.8164,1.0379,1.8469,3.2528,0.0813,0.1166,2791,-0.0527,2.6042,0.1607
or,c0.1_0.1_0.05,uniform,0.05,0.05,0.05,0,lightbox,1.9960,7.8428,0.0460,6740,1.9466,7.8860,0.7003,1.1331,1.8269,0.0439,0.0891,6740,-0.0495,2.5200,0.1585
or,c0.1_0.1_0.1,uniform,0.05,0.05,0.05,0,sunlamp,3.0311,6.3655,0.0880,2791,2.8542,6.0033,1.0245,1.8298,3.2634,0.0827,0.1242,2791,-0.1769,2.1344,0.1249
or,c0.1_0.1_0.1,uniform,0.05,0.05,0.05,0,lightbox,1.9960,7.8428,0.0460,6740,1.9573,7.7397,0.7096,1.1479,1.8451,0.0448,0.0892,6740,-0.0387,1.7054,0.1240
or,c0.1_0.1_0.15,uniform,0.05,0.05,0.05,0,sunlamp,3.0311,6.3655,0.0880,2791,2.9448,6.7321,1.0440,1.8832,3.2788,0.0831,0.1278,2791,-0.0864,2.2952,0.1231
or,c0.1_0.1_0.15,uniform,0.05,0.05,0.05,0,lightbox,1.9960,7.8428,0.0460,6740,1.9577,7.7787,0.7120,1.1579,1.8380,0.0445,0.0874,6740,-0.0384,2.2467,0.1220
or,c0.1_0.1_0.2,uniform,0.05,0.05,0.05,0,sunlamp,3.0311,6.3655,0.0880,2791,3.0232,6.2675,1.0925,1.9523,3.4185,0.0913,0.1497,2791,-0.0079,2.5037,0.1314
or,c0.1_0.1_0.2,uniform,0.05,0.05,0.05,0,lightbox,1.9960,7.8428,0.0460,6740,2.0184,7.8270,0.7307,1.1819,1.9008,0.0469,0.1067,6740,0.0223,1.9318,0.1308
or,c0.1_0.1_0.25,uniform,0.05,0.05,0.05,0,sunlamp,3.0311,6.3655,0.0880,2791,3.0884,6.0442,1.1177,2.0226,3.4941,0.0978,0.1435,2791,0.0573,2.6325,0.1582
or,c0.1_0.1_0.25,uniform,0.05,0.05,0.05,0,lightbox,1.9960,7.8428,0.0460,6740,2.1638,8.2637,0.7579,1.2108,1.9701,0.0514,0.1114,6740,0.1677,2.4589,0.1574
or,c0.1_0.15_0.05,uniform,0.05,0.05,0.05,0,sunlamp,3.0311,6.3655,0.0880,2791,2.9648,6.7484,1.0378,1.8217,3.3097,0.0829,0.1260,2791,-0.0664,2.8399,0.1609
or,c0.1_0.15_0.05,uniform,0.05,0.05,0.05,0,lightbox,1.9960,7.8428,0.0460,6740,1.9528,7.6773,0.6966,1.1381,1.8521,0.0440,0.0851,6740,-0.0433,2.1105,0.1587
or,c0.1_0.15_0.1,uniform,0.05,0.05,0.05,0,sunlamp,3.0311,6.3655,0.0880,2791,2.9192,6.4478,1.0385,1.8646,3.2519,0.0828,0.1095,2791,-0.1119,2.7220,0.1248
or,c0.1_0.15_0.1,uniform,0.05,0.05,0.05,0,lightbox,1.9960,7.8428,0.0460,6740,1.9517,7.8551,0.7071,1.1499,1.8525,0.0452,0.0942,6740,-0.0443,1.9374,0.1238
or,c0.1_0.15_0.15,uniform,0.05,0.05,0.05,0,sunlamp,3.0311,6.3655,0.0880,2791,2.9185,6.3142,1.0390,1.8947,3.3001,0.0849,0.1167,2791,-0.1126,2.6497,0.1230
or,c0.1_0.15_0.15,uniform,0.05,0.05,0.05,0,lightbox,1.9960,7.8428,0.0460,6740,1.9698,7.7080,0.7188,1.1600,1.8526,0.0453,0.0984,6740,-0.0262,2.1635,0.1219
or,c0.1_0.15_0.2,uniform,0.05,0.05,0.05,0,sunlamp,3.0311,6.3655,0.0880,2791,3.0843,7.0404,1.0777,1.9585,3.4425,0.0925,0.1551,2791,0.0531,2.6489,0.1314
or,c0.1_0.15_0.2,uniform,0.05,0.05,0.05,0,lightbox,1.9960,7.8428,0.0460,6740,2.0222,7.9202,0.7274,1.1801,1.8980,0.0473,0.1083,6740,0.0261,2.4674,0.1307
or,c0.1_0.15_0.25,uniform,0.05,0.05,0.05,0,sunlamp,3.0311,6.3655,0.0880,2791,3.1615,6.2323,1.1135,2.0049,3.5051,0.0996,0.1556,2791,0.1304,2.4670,0.1582
or,c0.1_0.15_0.25,uniform,0.05,0.05,0.05,0,lightbox,1.9960,7.8428,0.0460,6740,2.1555,8.2566,0.7580,1.2172,1.9677,0.0515,0.1116,6740,0.1595,2.4309,0.1573
