total_std_bin,total_std_lo,total_std_hi,pred_bin,pred_lo,pred_hi,n,mean_alpha,std_alpha,mean_GT,mean_pred,mean_total_std,axis,eps
0,0.0,0.01,1,-0.57,-0.45699999999999996,1578,0.31726157665252686,0.7538154721260071,-0.5037163496017456,-0.4973573088645935,0.0353049635887146,x,0.001_0.01
0,0.0,0.01,2,-0.45699999999999996,-0.344,11915,-0.18960250914096832,5.564113616943359,-0.3790619671344757,-0.3772543668746948,0.009391097351908684,x,0.001_0.01
0,0.0,0.01,3,-0.344,-0.23099999999999998,16918,-1.2345844507217407,3.247567892074585,-0.2841607928276062,-0.28833088278770447,0.007777469232678413,x,0.001_0.01
0,0.0,0.01,4,-0.23099999999999998,-0.118,16052,-0.8925609588623047,5.512399673461914,-0.17191889882087708,-0.17481891810894012,0.008038708940148354,x,0.001_0.01
0,0.0,0.01,5,-0.118,-0.0050000000000000044,16338,-0.9094871282577515,43.25010681152344,-0.05819743499159813,-0.06052527576684952,0.008607367053627968,x,0.001_0.01
0,0.0,0.01,7,0.095,0.19,14555,-1.6492981910705566,9.413525581359863,0.14328110218048096,0.14257483184337616,0.00750670675188303,x,0.001_0.01
0,0.0,0.01,8,0.19,0.28500000000000003,14597,-1.5762288570404053,6.1889543533325195,0.23585215210914612,0.237269327044487,0.007947181351482868,x,0.001_0.01
0,0.0,0.01,9,0.28500000000000003,0.38,32899,-1.7086248397827148,5.234286308288574,0.35115179419517517,0.35391664505004883,0.005243649706244469,x,0.001_0.01
0,0.0,0.01,10,0.38,0.475,8559,-1.770616888999939,3.9639663696289062,0.39528653025627136,0.3960481286048889,0.007366216741502285,x,0.001_0.01
0,0.0,0.01,11,0.475,0.57,1458,0.389266699552536,1.261979341506958,0.5114280581474304,0.5091057419776917,0.028889181092381477,x,0.001_0.01
1,0.01,0.1109090909090909,1,-0.57,-0.45699999999999996,773,0.44671639800071716,0.4631817638874054,-0.5096269249916077,-0.49753743410110474,0.06516913324594498,x,0.001_0.01
1,0.01,0.1109090909090909,2,-0.45699999999999996,-0.344,2143,0.034640707075595856,4.821336269378662,-0.401737779378891,-0.3918505012989044,0.02998119592666626,x,0.001_0.01
1,0.01,0.1109090909090909,3,-0.344,-0.23099999999999998,2478,-3.1639935970306396,3.488982677459717,-0.2722323536872864,-0.2905859649181366,0.019040383398532867,x,0.001_0.01
1,0.01,0.1109090909090909,4,-0.23099999999999998,-0.118,2306,-4.535947799682617,7.557139873504639,-0.15747173130512238,-0.17467127740383148,0.02052449621260166,x,0.001_0.01
1,0.01,0.1109090909090909,5,-0.118,-0.0050000000000000044,2568,-14.037177085876465,58.90192794799805,-0.03818817436695099,-0.05672438070178032,0.023076074197888374,x,0.001_0.01
1,0.01,0.1109090909090909,7,0.095,0.19,2106,6.59245491027832,10.657255172729492,0.16326162219047546,0.1422768384218216,0.018176620826125145,x,0.001_0.01
1,0.01,0.1109090909090909,8,0.19,0.28500000000000003,1973,3.136791229248047,6.025158405303955,0.24925532937049866,0.23559054732322693,0.023036925122141838,x,0.001_0.01
1,0.01,0.1109090909090909,9,0.28500000000000003,0.38,2175,0.11516858637332916,5.572988510131836,0.33257463574409485,0.33584848046302795,0.021717272698879242,x,0.001_0.01
1,0.01,0.1109090909090909,10,0.38,0.475,1470,-0.4584026634693146,4.754388809204102,0.42670997977256775,0.4234970808029175,0.025493158027529716,x,0.001_0.01
1,0.01,0.1109090909090909,11,0.475,0.57,1116,0.1684868484735489,1.3464794158935547,0.5143977403640747,0.5124613046646118,0.03521157056093216,x,0.001_0.01
2,0.1109090909090909,0.21181818181818182,1,-0.57,-0.45699999999999996,177,0.3023947775363922,0.20633846521377563,-0.5235887169837952,-0.4921593964099884,0.20727241039276123,x,0.001_0.01
2,0.1109090909090909,0.21181818181818182,2,-0.45699999999999996,-0.344,127,0.946677029132843,1.116133689880371,-0.4945792555809021,-0.41628098487854004,0.2028459906578064,x,0.001_0.01
2,0.1109090909090909,0.21181818181818182,8,0.19,0.28500000000000003,26,-3.4649100303649902,1.6174858808517456,0.15126164257526398,0.26526495814323425,0.12525416910648346,x,0.001_0.01
2,0.1109090909090909,0.21181818181818182,9,0.28500000000000003,0.38,10,-3.42596173286438,1.5158123970031738,0.17801205813884735,0.3159610331058502,0.11842898279428482,x,0.001_0.01
2,0.1109090909090909,0.21181818181818182,10,0.38,0.475,23,-0.8217751979827881,0.4429285526275635,0.3731364905834198,0.4205693006515503,0.1318080872297287,x,0.001_0.01
2,0.1109090909090909,0.21181818181818182,11,0.475,0.57,82,0.10817268490791321,0.9368051290512085,0.5044984221458435,0.5065789818763733,0.15091493725776672,x,0.001_0.01
3,0.21181818181818182,0.31272727272727274,1,-0.57,-0.45699999999999996,83,0.2581191658973694,0.14606498181819916,-0.5309703946113586,-0.4963566064834595,0.2658768594264984,x,0.001_0.01
3,0.21181818181818182,0.31272727272727274,2,-0.45699999999999996,-0.344,52,0.9923117756843567,0.6622782945632935,-0.5205055475234985,-0.4199402630329132,0.2665906548500061,x,0.001_0.01
3,0.21181818181818182,0.31272727272727274,11,0.475,0.57,5,0.11599566787481308,0.6309925317764282,0.5144354104995728,0.5035117268562317,0.22283442318439484,x,0.001_0.01
4,0.31272727272727274,0.41363636363636364,1,-0.57,-0.45699999999999996,11,0.16987495124340057,0.1271326094865799,-0.5415030121803284,-0.5072917342185974,0.3577255308628082,x,0.001_0.01
4,0.31272727272727274,0.41363636363636364,2,-0.45699999999999996,-0.344,9,1.119545817375183,0.11572004854679108,-0.5547811985015869,-0.3952713906764984,0.36350420117378235,x,0.001_0.01
0,0.0,0.01,0,-inf,-0.52,376,0.7149121165275574,0.8780434727668762,-0.5586036443710327,-0.5554250478744507,0.029899414628744125,y,0.001_0.01
0,0.0,0.01,1,-0.52,-0.4146,537,1.202014446258545,1.0925112962722778,-0.4648749530315399,-0.4671768546104431,0.030980072915554047,y,0.001_0.01
0,0.0,0.01,2,-0.4146,-0.30920000000000003,3901,-3.0093140602111816,3.84725284576416,-0.34042859077453613,-0.3480246067047119,0.010786418803036213,y,0.001_0.01
0,0.0,0.01,3,-0.30920000000000003,-0.20379999999999998,8370,-0.9839898943901062,6.200913906097412,-0.24383127689361572,-0.24608856439590454,0.00958778616040945,y,0.001_0.01
0,0.0,0.01,4,-0.20379999999999998,-0.09839999999999999,11977,0.8333649635314941,9.901538848876953,-0.15056738257408142,-0.1505872756242752,0.011281892657279968,y,0.001_0.01
0,0.0,0.01,5,-0.09839999999999999,0.006999999999999999,11938,6.054076194763184,183.40603637695312,-0.04861503839492798,-0.04681352525949478,0.017228461802005768,y,0.001_0.01
0,0.0,0.01,7,0.10700000000000001,0.2056,12508,-4.722192764282227,10.244420051574707,0.148879736661911,0.15692782402038574,0.02183489315211773,y,0.001_0.01
0,0.0,0.01,8,0.2056,0.3042,15045,-2.209282875061035,5.377350807189941,0.2545029819011688,0.25977158546447754,0.019465718418359756,y,0.001_0.01
0,0.0,0.01,9,0.3042,0.40279999999999994,64701,-1.450398564338684,2.5849552154541016,0.32929864525794983,0.3325265049934387,0.009065499529242516,y,0.001_0.01
0,0.0,0.01,10,0.40279999999999994,0.5014,8085,-0.17418316006660461,1.5914288759231567,0.44286179542541504,0.4438210129737854,0.0280007217079401,y,0.001_0.01
0,0.0,0.01,11,0.5014,0.6,454,-0.20190399885177612,0.8141673803329468,0.506653904914856,0.5083160996437073,0.010403748601675034,y,0.001_0.01
1,0.01,0.1109090909090909,0,-inf,-0.52,348,0.6660537123680115,0.8892323970794678,-0.5604523420333862,-0.5575307011604309,0.03153971582651138,y,0.001_0.01
1,0.01,0.1109090909090909,1,-0.52,-0.4146,145,0.19318480789661407,1.3009438514709473,-0.45749396085739136,-0.48072394728660583,0.09255001693964005,y,0.001_0.01
1,0.01,0.1109090909090909,2,-0.4146,-0.30920000000000003,870,-0.726684033870697,2.8222708702087402,-0.3399011492729187,-0.34331679344177246,0.023465953767299652,y,0.001_0.01
1,0.01,0.1109090909090909,3,-0.30920000000000003,-0.20379999999999998,2128,-1.0204980373382568,5.2249979972839355,-0.24889066815376282,-0.24735566973686218,0.01816791109740734,y,0.001_0.01
1,0.01,0.1109090909090909,4,-0.20379999999999998,-0.09839999999999999,3169,-1.5935503244400024,14.849190711975098,-0.14919261634349823,-0.14893965423107147,0.02348686195909977,y,0.001_0.01
1,0.01,0.1109090909090909,5,-0.09839999999999999,0.006999999999999999,3403,-1.4919719696044922,230.39845275878906,-0.05170716345310211,-0.04686925932765007,0.043648965656757355,y,0.001_0.01
1,0.01,0.1109090909090909,7,0.10700000000000001,0.2056,3925,0.7098560929298401,13.888678550720215,0.1433681696653366,0.15664370357990265,0.05479273572564125,y,0.001_0.01
1,0.01,0.1109090909090909,8,0.2056,0.3042,4340,0.9307196140289307,7.160758972167969,0.2499462217092514,0.2568962275981903,0.051246754825115204,y,0.001_0.01
1,0.01,0.1109090909090909,9,0.3042,0.40279999999999994,7842,-0.7080556154251099,4.158421516418457,0.33914121985435486,0.3507140874862671,0.040805570781230927,y,0.001_0.01
1,0.01,0.1109090909090909,10,0.40279999999999994,0.5014,3804,0.03869468718767166,1.8148449659347534,0.442110538482666,0.4430466294288635,0.051373355090618134,y,0.001_0.01
1,0.01,0.1109090909090909,11,0.5014,0.6,255,-0.31769639253616333,0.8622798323631287,0.5065393447875977,0.509122908115387,0.011981483548879623,y,0.001_0.01
2,0.1109090909090909,0.21181818181818182,0,-inf,-0.52,23,0.17272424697875977,0.4639933109283447,-0.5461840629577637,-0.5397078990936279,0.13109712302684784,y,0.001_0.01
2,0.1109090909090909,0.21181818181818182,1,-0.52,-0.4146,56,-0.45147716999053955,0.9119619131088257,-0.4277186989784241,-0.4694950580596924,0.1930208057165146,y,0.001_0.01
2,0.1109090909090909,0.21181818181818182,2,-0.4146,-0.30920000000000003,9,-0.2166946977376938,1.116686463356018,-0.38723576068878174,-0.4012281596660614,0.1400199681520462,y,0.001_0.01
2,0.1109090909090909,0.21181818181818182,4,-0.20379999999999998,-0.09839999999999999,21,-23.640033721923828,17.142719268798828,0.3206331729888916,-0.11558042466640472,0.1797391027212143,y,0.001_0.01
2,0.1109090909090909,0.21181818181818182,5,-0.09839999999999999,0.006999999999999999,111,-12.305328369140625,142.091064453125,0.24852143228054047,-0.04488903656601906,0.5925889015197754,y,0.001_0.01
2,0.1109090909090909,0.21181818181818182,7,0.10700000000000001,0.2056,144,0.9318783283233643,3.7867658138275146,0.2753118574619293,0.1555095762014389,0.7449124455451965,y,0.001_0.01
2,0.1109090909090909,0.21181818181818182,8,0.2056,0.3042,240,0.4415092468261719,2.1439883708953857,0.3119073510169983,0.25980186462402344,0.508138120174408,y,0.001_0.01
2,0.1109090909090909,0.21181818181818182,9,0.3042,0.40279999999999994,436,0.026367541402578354,1.2831532955169678,0.35009297728538513,0.3581230938434601,0.3464869558811188,y,0.001_0.01
2,0.1109090909090909,0.21181818181818182,10,0.40279999999999994,0.5014,367,0.1528642326593399,1.1482927799224854,0.42858725786209106,0.44013115763664246,0.32244694232940674,y,0.001_0.01
3,0.21181818181818182,0.31272727272727274,1,-0.52,-0.4146,16,-0.7987598776817322,0.4586358070373535,-0.38220444321632385,-0.4639139175415039,0.24904194474220276,y,0.001_0.01
3,0.21181818181818182,0.31272727272727274,4,-0.20379999999999998,-0.09839999999999999,5,-15.303810119628906,7.908787250518799,0.3667210042476654,-0.1172107681632042,0.30443984270095825,y,0.001_0.01
3,0.21181818181818182,0.31272727272727274,5,-0.09839999999999999,0.006999999999999999,74,-8.896671295166016,82.13101959228516,0.29575812816619873,-0.04363111034035683,0.8132467865943909,y,0.001_0.01
3,0.21181818181818182,0.31272727272727274,7,0.10700000000000001,0.2056,109,1.0251526832580566,2.781049966812134,0.2950734794139862,0.15437781810760498,0.9352921843528748,y,0.001_0.01
3,0.21181818181818182,0.31272727272727274,8,0.2056,0.3042,177,0.2945593297481537,1.5581605434417725,0.30707666277885437,0.2592662572860718,0.6328239440917969,y,0.001_0.01
3,0.21181818181818182,0.31272727272727274,9,0.3042,0.40279999999999994,275,0.16714508831501007,1.0900100469589233,0.3498082458972931,0.35766658186912537,0.45970359444618225,y,0.001_0.01
3,0.21181818181818182,0.31272727272727274,10,0.40279999999999994,0.5014,203,0.0007048837724141777,0.898659348487854,0.40905100107192993,0.43387937545776367,0.4615902900695801,y,0.001_0.01
4,0.31272727272727274,0.41363636363636364,5,-0.09839999999999999,0.006999999999999999,52,-7.8824944496154785,60.80888366699219,0.34774768352508545,-0.04302652180194855,1.047445297241211,y,0.001_0.01
4,0.31272727272727274,0.41363636363636364,7,0.10700000000000001,0.2056,94,1.004451036453247,2.19673490524292,0.3032434284687042,0.15496844053268433,1.04349684715271,y,0.001_0.01
4,0.31272727272727274,0.41363636363636364,8,0.2056,0.3042,139,0.22325852513313293,1.339153528213501,0.30107879638671875,0.25818875432014465,0.7315661907196045,y,0.001_0.01
4,0.31272727272727274,0.41363636363636364,9,0.3042,0.40279999999999994,184,-0.011292709037661552,1.0512256622314453,0.32656973600387573,0.358733206987381,0.5583414435386658,y,0.001_0.01
4,0.31272727272727274,0.41363636363636364,10,0.40279999999999994,0.5014,143,-0.011183935217559338,0.7803436517715454,0.4067099988460541,0.43098539113998413,0.5453511476516724,y,0.001_0.01
5,0.41363636363636364,0.5145454545454545,5,-0.09839999999999999,0.006999999999999999,39,-7.389616012573242,42.90842056274414,0.39759424328804016,-0.044088561087846756,1.2737435102462769,y,0.001_0.01
5,0.41363636363636364,0.5145454545454545,7,0.10700000000000001,0.2056,81,0.8952257037162781,1.9830833673477173,0.3046383559703827,0.15334878861904144,1.1509863138198853,y,0.001_0.01
5,0.41363636363636364,0.5145454545454545,8,0.2056,0.3042,114,0.3076431155204773,1.2701852321624756,0.3096300959587097,0.2560481131076813,0.8125689029693604,y,0.001_0.01
5,0.41363636363636364,0.5145454545454545,9,0.3042,0.40279999999999994,118,-0.1896115392446518,0.9858757853507996,0.2967495620250702,0.3603370785713196,0.6702300906181335,y,0.001_0.01
5,0.41363636363636364,0.5145454545454545,10,0.40279999999999994,0.5014,98,-0.03910807892680168,0.7346178889274597,0.402042031288147,0.4303063452243805,0.6280663013458252,y,0.001_0.01
6,0.5145454545454545,0.6154545454545455,5,-0.09839999999999999,0.006999999999999999,33,-6.301141262054443,45.93595504760742,0.4129822850227356,-0.04029141739010811,1.417393684387207,y,0.001_0.01
6,0.5145454545454545,0.6154545454545455,7,0.10700000000000001,0.2056,71,0.8208534121513367,1.675559401512146,0.3055681884288788,0.15404582023620605,1.2484607696533203,y,0.001_0.01
6,0.5145454545454545,0.6154545454545455,8,0.2056,0.3042,87,0.3401242196559906,1.0881882905960083,0.31869661808013916,0.2533891499042511,0.9214992523193359,y,0.001_0.01
6,0.5145454545454545,0.6154545454545455,9,0.3042,0.40279999999999994,87,-0.24222567677497864,0.9204022884368896,0.28441283106803894,0.36097997426986694,0.7460004687309265,y,0.001_0.01
6,0.5145454545454545,0.6154545454545455,10,0.40279999999999994,0.5014,68,0.027875998988747597,0.6715699434280396,0.412959486246109,0.4276297092437744,0.7044567465782166,y,0.001_0.01
7,0.6154545454545455,0.7163636363636363,5,-0.09839999999999999,0.006999999999999999,30,-5.135566234588623,47.82450485229492,0.4435066878795624,-0.040161482989788055,1.5002312660217285,y,0.001_0.01
7,0.6154545454545455,0.7163636363636363,7,0.10700000000000001,0.2056,63,0.7062325477600098,1.505942702293396,0.3032030761241913,0.15153293311595917,1.3338100910186768,y,0.001_0.01
7,0.6154545454545455,0.7163636363636363,8,0.2056,0.3042,73,0.4097371995449066,0.9661492109298706,0.33153578639030457,0.2510826885700226,0.9907277822494507,y,0.001_0.01
7,0.6154545454545455,0.7163636363636363,9,0.3042,0.40279999999999994,56,-0.3622564971446991,0.821064293384552,0.2590140104293823,0.3632381558418274,0.8518671989440918,y,0.001_0.01
7,0.6154545454545455,0.7163636363636363,10,0.40279999999999994,0.5014,40,0.20983996987342834,0.29476842284202576,0.47939977049827576,0.42637357115745544,0.8047687411308289,y,0.001_0.01
8,0.7163636363636363,0.8172727272727273,5,-0.09839999999999999,0.006999999999999999,27,-4.670914649963379,50.18492889404297,0.45918402075767517,-0.03775487467646599,1.5894972085952759,y,0.001_0.01
8,0.7163636363636363,0.8172727272727273,7,0.10700000000000001,0.2056,57,0.7060301899909973,1.4379677772521973,0.30823227763175964,0.15142382681369781,1.4018206596374512,y,0.001_0.01
8,0.7163636363636363,0.8172727272727273,8,0.2056,0.3042,56,0.429820716381073,0.8712139129638672,0.34101465344429016,0.24616384506225586,1.0886520147323608,y,0.001_0.01
8,0.7163636363636363,0.8172727272727273,9,0.3042,0.40279999999999994,39,-0.270683616399765,0.7516725659370422,0.27306169271469116,0.36102718114852905,0.9386497735977173,y,0.001_0.01
8,0.7163636363636363,0.8172727272727273,10,0.40279999999999994,0.5014,26,0.20627322793006897,0.2246471494436264,0.4855475127696991,0.4235737919807434,0.8747028112411499,y,0.001_0.01
9,0.8172727272727273,0.9181818181818182,5,-0.09839999999999999,0.006999999999999999,24,-3.4840850830078125,49.20257568359375,0.47779718041419983,-0.036668915301561356,1.6909393072128296,y,0.001_0.01
9,0.8172727272727273,0.9181818181818182,7,0.10700000000000001,0.2056,49,0.5342473983764648,1.3028416633605957,0.2991829216480255,0.15052509307861328,1.5053181648254395,y,0.001_0.01
9,0.8172727272727273,0.9181818181818182,8,0.2056,0.3042,43,0.3926888704299927,0.8032382130622864,0.34350550174713135,0.24824266135692596,1.1848372220993042,y,0.001_0.01
9,0.8172727272727273,0.9181818181818182,9,0.3042,0.40279999999999994,27,-0.2594587802886963,0.6641099452972412,0.2741878926753998,0.3628973066806793,1.0208871364593506,y,0.001_0.01
9,0.8172727272727273,0.9181818181818182,10,0.40279999999999994,0.5014,14,0.19315408170223236,0.29081588983535767,0.47080644965171814,0.4208861291408539,0.9718943238258362,y,0.001_0.01
10,0.9181818181818182,1.019090909090909,5,-0.09839999999999999,0.006999999999999999,20,-2.9990248680114746,40.06682205200195,0.4755832552909851,-0.033559635281562805,1.8589856624603271,y,0.001_0.01
10,0.9181818181818182,1.019090909090909,7,0.10700000000000001,0.2056,42,0.4113404154777527,1.1295433044433594,0.28834596276283264,0.14887019991874695,1.6127843856811523,y,0.001_0.01
10,0.9181818181818182,1.019090909090909,8,0.2056,0.3042,34,0.28521251678466797,0.7777310013771057,0.32963648438453674,0.24979960918426514,1.267120361328125,y,0.001_0.01
10,0.9181818181818182,1.019090909090909,9,0.3042,0.40279999999999994,20,-0.27716612815856934,0.6001242995262146,0.2656523585319519,0.3633327782154083,1.0729072093963623,y,0.001_0.01
10,0.9181818181818182,1.019090909090909,10,0.40279999999999994,0.5014,9,0.06674263626337051,0.3516169488430023,0.4546672999858856,0.419185996055603,1.0368720293045044,y,0.001_0.01
11,1.019090909090909,1.1199999999999999,5,-0.09839999999999999,0.006999999999999999,17,-1.7467046976089478,43.00120162963867,0.47077521681785583,-0.026657892391085625,2.017354965209961,y,0.001_0.01
11,1.019090909090909,1.1199999999999999,7,0.10700000000000001,0.2056,34,0.5691929459571838,0.9603062272071838,0.32284364104270935,0.14881959557533264,1.7633310556411743,y,0.001_0.01
11,1.019090909090909,1.1199999999999999,8,0.2056,0.3042,26,0.24128279089927673,0.716627836227417,0.32728129625320435,0.2482723891735077,1.3552323579788208,y,0.001_0.01
11,1.019090909090909,1.1199999999999999,9,0.3042,0.40279999999999994,9,-0.09906580299139023,0.5549349188804626,0.3308643698692322,0.36579129099845886,1.1887654066085815,y,0.001_0.01
12,1.1199999999999999,1.220909090909091,5,-0.09839999999999999,0.006999999999999999,17,-1.7467046976089478,43.00120162963867,0.47077521681785583,-0.026657892391085625,2.017354965209961,y,0.001_0.01
12,1.1199999999999999,1.220909090909091,7,0.10700000000000001,0.2056,32,0.6685245633125305,0.9376816749572754,0.34023141860961914,0.14866231381893158,1.805816888809204,y,0.001_0.01
12,1.1199999999999999,1.220909090909091,8,0.2056,0.3042,23,0.22727902233600616,0.6934815645217896,0.32548201084136963,0.2474026083946228,1.3911058902740479,y,0.001_0.01
13,1.220909090909091,1.3218181818181818,5,-0.09839999999999999,0.006999999999999999,16,-0.9873469471931458,44.06448745727539,0.4680591821670532,-0.02550153061747551,2.0721452236175537,y,0.001_0.01
13,1.220909090909091,1.3218181818181818,7,0.10700000000000001,0.2056,27,0.933567225933075,0.8488190174102783,0.3933897316455841,0.1482888162136078,1.9248448610305786,y,0.001_0.01
13,1.220909090909091,1.3218181818181818,8,0.2056,0.3042,18,0.29309511184692383,0.625620424747467,0.3496948778629303,0.2452811598777771,1.4564334154129028,y,0.001_0.01
14,1.3218181818181818,1.4227272727272726,5,-0.09839999999999999,0.006999999999999999,16,-0.9873469471931458,44.06448745727539,0.4680591821670532,-0.02550153061747551,2.0721452236175537,y,0.001_0.01
14,1.3218181818181818,1.4227272727272726,7,0.10700000000000001,0.2056,25,0.9958416819572449,0.8233200311660767,0.40411868691444397,0.14522741734981537,1.977403163909912,y,0.001_0.01
14,1.3218181818181818,1.4227272727272726,8,0.2056,0.3042,15,0.29004496335983276,0.6086894273757935,0.3499008119106293,0.24550564587116241,1.4896219968795776,y,0.001_0.01
15,1.4227272727272726,1.5236363636363637,5,-0.09839999999999999,0.006999999999999999,15,-0.07339026778936386,45.19750213623047,0.4652847945690155,-0.024707786738872528,2.121980667114258,y,0.001_0.01
15,1.4227272727272726,1.5236363636363637,7,0.10700000000000001,0.2056,22,1.0553007125854492,0.8020679950714111,0.4113219082355499,0.14047439396381378,2.0600807666778564,y,0.001_0.01
15,1.4227272727272726,1.5236363636363637,8,0.2056,0.3042,8,0.27882856130599976,0.5132274627685547,0.38671237230300903,0.24943651258945465,1.60800039768219,y,0.001_0.01
16,1.5236363636363637,1.6245454545454545,5,-0.09839999999999999,0.006999999999999999,14,0.9529876708984375,46.43617630004883,0.46182945370674133,-0.023953940719366074,2.1659839153289795,y,0.001_0.01
16,1.5236363636363637,1.6245454545454545,7,0.10700000000000001,0.2056,22,1.0553007125854492,0.8020679950714111,0.4113219082355499,0.14047439396381378,2.0600807666778564,y,0.001_0.01
16,1.5236363636363637,1.6245454545454545,8,0.2056,0.3042,5,0.5854791402816772,0.08044290542602539,0.5071151852607727,0.2546146810054779,1.7120329141616821,y,0.001_0.01
17,1.6245454545454545,1.7254545454545454,5,-0.09839999999999999,0.006999999999999999,12,-0.7856473922729492,32.143192291259766,0.4548189342021942,-0.027105538174510002,2.2641422748565674,y,0.001_0.01
17,1.6245454545454545,1.7254545454545454,7,0.10700000000000001,0.2056,20,0.9743264317512512,0.8361522555351257,0.4030248522758484,0.13743947446346283,2.1089580059051514,y,0.001_0.01
18,1.7254545454545454,1.8263636363636364,5,-0.09839999999999999,0.006999999999999999,10,2.2412047386169434,34.896629333496094,0.5057446956634521,-0.021928023546934128,2.3828322887420654,y,0.001_0.01
18,1.7254545454545454,1.8263636363636364,7,0.10700000000000001,0.2056,16,0.8249390721321106,0.7989360690116882,0.37760835886001587,0.13829824328422546,2.2148823738098145,y,0.001_0.01
19,1.8263636363636364,1.9272727272727272,5,-0.09839999999999999,0.006999999999999999,9,7.597869873046875,36.49609375,0.5049044489860535,-0.019251851364970207,2.4528164863586426,y,0.001_0.01
19,1.8263636363636364,1.9272727272727272,7,0.10700000000000001,0.2056,14,1.095443844795227,0.6870036125183105,0.4308539032936096,0.14008165895938873,2.274470329284668,y,0.001_0.01
20,1.9272727272727272,2.028181818181818,5,-0.09839999999999999,0.006999999999999999,9,7.597869873046875,36.49609375,0.5049044489860535,-0.019251851364970207,2.4528164863586426,y,0.001_0.01
20,1.9272727272727272,2.028181818181818,7,0.10700000000000001,0.2056,9,1.174405813217163,0.28432750701904297,0.5093311667442322,0.13505785167217255,2.4966037273406982,y,0.001_0.01
21,2.028181818181818,2.129090909090909,5,-0.09839999999999999,0.006999999999999999,6,23.24220848083496,33.75680923461914,0.5031708478927612,-0.017063546925783157,2.6876213550567627,y,0.001_0.01
21,2.028181818181818,2.129090909090909,7,0.10700000000000001,0.2056,8,1.1045585870742798,0.21688616275787354,0.5091253519058228,0.13766171038150787,2.5581750869750977,y,0.001_0.01
22,2.129090909090909,2.2299999999999995,5,-0.09839999999999999,0.006999999999999999,6,23.24220848083496,33.75680923461914,0.5031708478927612,-0.017063546925783157,2.6876213550567627,y,0.001_0.01
22,2.129090909090909,2.2299999999999995,7,0.10700000000000001,0.2056,7,1.1022111177444458,0.2317659854888916,0.5113403797149658,0.13635636866092682,2.6225485801696777,y,0.001_0.01
23,2.2299999999999995,2.3309090909090906,5,-0.09839999999999999,0.006999999999999999,6,23.24220848083496,33.75680923461914,0.5031708478927612,-0.017063546925783157,2.6876213550567627,y,0.001_0.01
23,2.2299999999999995,2.3309090909090906,7,0.10700000000000001,0.2056,7,1.1022111177444458,0.2317659854888916,0.5113403797149658,0.13635636866092682,2.6225485801696777,y,0.001_0.01
24,2.3309090909090906,2.4318181818181817,5,-0.09839999999999999,0.006999999999999999,6,23.24220848083496,33.75680923461914,0.5031708478927612,-0.017063546925783157,2.6876213550567627,y,0.001_0.01
24,2.3309090909090906,2.4318181818181817,7,0.10700000000000001,0.2056,5,1.0579259395599365,0.2611013650894165,0.51038658618927,0.13672973215579987,2.7501938343048096,y,0.001_0.01
25,2.4318181818181817,2.5327272727272723,5,-0.09839999999999999,0.006999999999999999,5,10.427533149719238,19.54817771911621,0.5021318197250366,-0.020957166329026222,2.743173599243164,y,0.001_0.01
0,0.0,0.01,1,0.0,0.022,9259,126.86870574951172,454.1971740722656,0.009605922736227512,0.007949561811983585,0.003081797156482935,z,0.001_0.01
0,0.0,0.01,2,0.022,0.044,6058,14.445097923278809,22.74356460571289,0.035172026604413986,0.033039022237062454,0.005082662682980299,z,0.001_0.01
0,0.0,0.01,3,0.044,0.066,6210,8.632478713989258,13.01598072052002,0.05740921571850777,0.05512969195842743,0.006466483231633902,z,0.001_0.01
0,0.0,0.01,4,0.066,0.088,6180,6.729860305786133,9.561767578125,0.07957110553979874,0.07687319815158844,0.006552099250257015,z,0.001_0.01
0,0.0,0.01,5,0.088,0.11,6158,5.3183698654174805,8.620844841003418,0.10184966027736664,0.0990067720413208,0.006297296844422817,z,0.001_0.01
0,0.0,0.01,7,0.21000000000000002,0.234,7278,2.660618305206299,3.340606451034546,0.22540445625782013,0.2228834182024002,0.011047599837183952,z,0.001_0.01
0,0.0,0.01,8,0.234,0.258,10417,1.560988187789917,2.984520435333252,0.2480948269367218,0.24579188227653503,0.01153562217950821,z,0.001_0.01
0,0.0,0.01,9,0.258,0.28200000000000003,10919,1.6018002033233643,2.948025703430176,0.2721138000488281,0.26999396085739136,0.01101643219590187,z,0.001_0.01
0,0.0,0.01,10,0.28200000000000003,0.30600000000000005,7493,1.0639152526855469,2.696615219116211,0.2951156795024872,0.29400435090065,0.007300904486328363,z,0.001_0.01
0,0.0,0.01,11,0.30600000000000005,0.33,35765,1.8709412813186646,1.8767657279968262,0.32682904601097107,0.3254895806312561,0.002762962132692337,z,0.001_0.01
0,0.0,0.01,12,0.33,inf,1359,-0.9527116417884827,0.715233564376831,0.32872289419174194,0.3306637704372406,0.003147559007629752,z,0.001_0.01
1,0.01,0.1109090909090909,1,0.0,0.022,106,21.053436279296875,81.78660583496094,0.03335890546441078,0.014367608353495598,0.027795879170298576,z,0.001_0.01
1,0.01,0.1109090909090909,2,0.022,0.044,278,5.017431735992432,33.4259147644043,0.04321817308664322,0.03413451835513115,0.028933508321642876,z,0.001_0.01
1,0.01,0.1109090909090909,3,0.044,0.066,436,6.915566444396973,15.547257423400879,0.06595195829868317,0.05540527030825615,0.041071873158216476,z,0.001_0.01
1,0.01,0.1109090909090909,4,0.066,0.088,456,6.71555757522583,13.32176399230957,0.0894617885351181,0.07652364671230316,0.03944394364953041,z,0.001_0.01
1,0.01,0.1109090909090909,5,0.088,0.11,394,5.445769786834717,14.022101402282715,0.11460427194833755,0.09850279241800308,0.039247799664735794,z,0.001_0.01
1,0.01,0.1109090909090909,7,0.21000000000000002,0.234,880,0.4541991949081421,3.7210335731506348,0.2229447066783905,0.2234596610069275,0.05773104727268219,z,0.001_0.01
1,0.01,0.1109090909090909,8,0.234,0.258,1892,0.3604128360748291,3.3312268257141113,0.2488216757774353,0.24676893651485443,0.037681449204683304,z,0.001_0.01
1,0.01,0.1109090909090909,9,0.258,0.28200000000000003,2159,0.052798304706811905,2.9765374660491943,0.26813700795173645,0.26879939436912537,0.032820314168930054,z,0.001_0.01
1,0.01,0.1109090909090909,10,0.28200000000000003,0.30600000000000005,725,-0.6791612505912781,3.0034618377685547,0.28734737634658813,0.2921888828277588,0.025238553062081337,z,0.001_0.01
1,0.01,0.1109090909090909,11,0.30600000000000005,0.33,238,0.06641099601984024,2.4360387325286865,0.3101191222667694,0.3142866790294647,0.029427172616124153,z,0.001_0.01
1,0.01,0.1109090909090909,12,0.33,inf,24,-3.1828715801239014,1.9298713207244873,0.2707817554473877,0.34452304244041443,0.062346864491701126,z,0.001_0.01
2,0.1109090909090909,0.21181818181818182,1,0.0,0.022,5,93.13483428955078,94.80245971679688,0.15820004045963287,0.014214551076292992,0.16525821387767792,z,0.001_0.01
2,0.1109090909090909,0.21181818181818182,2,0.022,0.044,14,-1.2517987489700317,12.696810722351074,0.05912977457046509,0.03589160367846489,0.20289792120456696,z,0.001_0.01
2,0.1109090909090909,0.21181818181818182,3,0.044,0.066,28,0.8714528679847717,8.390496253967285,0.08561635762453079,0.05598200485110283,0.3409562408924103,z,0.001_0.01
2,0.1109090909090909,0.21181818181818182,4,0.066,0.088,23,0.7395377159118652,5.492413520812988,0.10041336715221405,0.07662786543369293,0.3871173858642578,z,0.001_0.01
2,0.1109090909090909,0.21181818181818182,5,0.088,0.11,26,4.542348384857178,6.76703405380249,0.16374871134757996,0.09666795283555984,0.30388638377189636,z,0.001_0.01
2,0.1109090909090909,0.21181818181818182,7,0.21000000000000002,0.234,118,-0.2217048704624176,2.2752034664154053,0.19735756516456604,0.22338031232357025,0.2133500576019287,z,0.001_0.01
2,0.1109090909090909,0.21181818181818182,8,0.234,0.258,125,0.06240151450037956,1.146071434020996,0.24012821912765503,0.24688033759593964,0.18572074174880981,z,0.001_0.01
2,0.1109090909090909,0.21181818181818182,9,0.258,0.28200000000000003,117,-0.0806489884853363,0.3543687164783478,0.2647768259048462,0.26982352137565613,0.17149250209331512,z,0.001_0.01
2,0.1109090909090909,0.21181818181818182,10,0.28200000000000003,0.30600000000000005,25,-0.5209710001945496,0.6638205647468567,0.27035343647003174,0.293154239654541,0.16546955704689026,z,0.001_0.01
2,0.1109090909090909,0.21181818181818182,11,0.30600000000000005,0.33,11,-0.7532222270965576,1.0439581871032715,0.28423917293548584,0.3138095736503601,0.1545160859823227,z,0.001_0.01
3,0.21181818181818182,0.31272727272727274,2,0.022,0.044,5,2.324861526489258,8.112077713012695,0.06934749335050583,0.03865503892302513,0.27767544984817505,z,0.001_0.01
3,0.21181818181818182,0.31272727272727274,3,0.044,0.066,19,-0.5085284113883972,3.511190414428711,0.06379672884941101,0.055912457406520844,0.42062652111053467,z,0.001_0.01
3,0.21181818181818182,0.31272727272727274,4,0.066,0.088,15,-0.235423281788826,1.4415429830551147,0.07039128243923187,0.07711352407932281,0.5187836289405823,z,0.001_0.01
3,0.21181818181818182,0.31272727272727274,5,0.088,0.11,14,0.03159660845994949,2.8972411155700684,0.10889337211847305,0.09727533906698227,0.4397214353084564,z,0.001_0.01
3,0.21181818181818182,0.31272727272727274,7,0.21000000000000002,0.234,45,-0.1639222502708435,1.1325149536132812,0.1963130086660385,0.2251109480857849,0.3104848861694336,z,0.001_0.01
3,0.21181818181818182,0.31272727272727274,8,0.234,0.258,33,-0.255281537771225,1.1076164245605469,0.21566598117351532,0.2457067370414734,0.29115766286849976,z,0.001_0.01
3,0.21181818181818182,0.31272727272727274,9,0.258,0.28200000000000003,24,-0.2343071848154068,0.24755382537841797,0.2535078227519989,0.26833680272102356,0.26607194542884827,z,0.001_0.01
3,0.21181818181818182,0.31272727272727274,10,0.28200000000000003,0.30600000000000005,6,-0.6854615807533264,0.10234624147415161,0.2404778003692627,0.2887868583202362,0.2477361559867859,z,0.001_0.01
4,0.31272727272727274,0.41363636363636364,3,0.044,0.066,15,-0.4821816384792328,2.6126770973205566,0.056917332112789154,0.05602861940860748,0.45908820629119873,z,0.001_0.01
4,0.31272727272727274,0.41363636363636364,4,0.066,0.088,11,-0.4844776690006256,1.6480515003204346,0.06526022404432297,0.07723237574100494,0.6149796843528748,z,0.001_0.01
4,0.31272727272727274,0.41363636363636364,5,0.088,0.11,10,-0.6490322351455688,1.2182449102401733,0.07822971045970917,0.09806809574365616,0.5227698683738708,z,0.001_0.01
4,0.31272727272727274,0.41363636363636364,7,0.21000000000000002,0.234,17,-0.32864171266555786,0.8347018957138062,0.18037179112434387,0.2240925282239914,0.3987639546394348,z,0.001_0.01
4,0.31272727272727274,0.41363636363636364,8,0.234,0.258,11,0.18799030780792236,0.20902705192565918,0.25982677936553955,0.24442748725414276,0.36337289214134216,z,0.001_0.01
5,0.41363636363636364,0.5145454545454545,3,0.044,0.066,9,0.5789845585823059,3.254844903945923,0.06491578370332718,0.05597123131155968,0.5412595272064209,z,0.001_0.01
5,0.41363636363636364,0.5145454545454545,4,0.066,0.088,10,-0.6418046355247498,1.7048710584640503,0.06280992180109024,0.07796609401702881,0.639758825302124,z,0.001_0.01
5,0.41363636363636364,0.5145454545454545,5,0.088,0.11,9,-0.45796406269073486,1.2742277383804321,0.0746358186006546,0.09686074405908585,0.5442315340042114,z,0.001_0.01
5,0.41363636363636364,0.5145454545454545,7,0.21000000000000002,0.234,5,-1.2221543788909912,0.15198804438114166,0.08701775968074799,0.22076039016246796,0.4960176348686218,z,0.001_0.01
6,0.5145454545454545,0.6154545454545455,3,0.044,0.066,6,-0.39230573177337646,0.4247108995914459,0.045602139085531235,0.058857470750808716,0.5837888121604919,z,0.001_0.01
6,0.5145454545454545,0.6154545454545455,4,0.066,0.088,7,0.07482615858316422,1.9629240036010742,0.07005132734775543,0.08027581870555878,0.7093534469604492,z,0.001_0.01
6,0.5145454545454545,0.6154545454545455,5,0.088,0.11,6,-0.3055758774280548,1.459764838218689,0.07944250106811523,0.0963711217045784,0.5927731394767761,z,0.001_0.01
7,0.6154545454545455,0.7163636363636363,4,0.066,0.088,6,-0.7204315662384033,0.26116061210632324,0.039694465696811676,0.08261925727128983,0.7309884428977966,z,0.001_0.01
