total_std_bin,total_std_lo,total_std_hi,pred_bin,pred_lo,pred_hi,n,mean_alpha,std_alpha,mean_GT,mean_pred,mean_total_std,axis
0,0.00047084924881346524,0.0022961373906582594,3,-0.46999999999999986,-0.4199999999999998,20,-15.292874336242676,17.525829315185547,-0.42338547110557556,-0.43761807680130005,0.0019261203706264496,x
0,0.00047084924881346524,0.0022961373906582594,4,-0.4199999999999998,-0.3699999999999998,682327,0.27924713492393494,1.3990466594696045,-0.383299857378006,-0.38305601477622986,0.0022315443493425846,x
0,0.00047084924881346524,0.0022961373906582594,5,-0.3699999999999998,-0.31999999999999973,6,6.060321807861328,0.9959208369255066,-0.37472161650657654,-0.3696957528591156,0.002243439666926861,x
0,0.00047084924881346524,0.0022961373906582594,6,-0.31999999999999973,-0.2699999999999997,29811,-0.811035692691803,1.6085505485534668,-0.2931630611419678,-0.29371485114097595,0.002249619225040078,x
0,0.00047084924881346524,0.0022961373906582594,7,-0.2699999999999997,-0.21999999999999964,93823,-1.7704964876174927,1.8637603521347046,-0.26276543736457825,-0.26378729939460754,0.0021932257805019617,x
0,0.00047084924881346524,0.0022961373906582594,12,-0.019999999999999463,0.030000000000000582,5369944,-218.8767852783203,722.7457885742188,0.0007381182513199747,0.00011642667232081294,0.0009857689728960395,x
0,0.00047084924881346524,0.0022961373906582594,13,0.030000000000000582,0.08000000000000063,2925,21.388797760009766,24.322811126708984,0.03786816820502281,0.036214593797922134,0.0022270160261541605,x
0,0.00047084924881346524,0.0022961373906582594,14,0.08000000000000063,0.13000000000000067,6,6.864193439483643,2.310919761657715,0.10255792737007141,0.10096913576126099,0.002283470705151558,x
0,0.00047084924881346524,0.0022961373906582594,17,0.23000000000000076,0.2800000000000008,25122,3.369504928588867,2.146930456161499,0.2801339328289032,0.2781931161880493,0.0021048083435744047,x
0,0.00047084924881346524,0.0022961373906582594,18,0.2800000000000008,0.33000000000000085,17512232,2.1684553623199463,1.3764249086380005,0.3286714553833008,0.327284038066864,0.001965051982551813,x
0,0.00047084924881346524,0.0022961373906582594,19,0.33000000000000085,0.3800000000000009,353646,-1.161096453666687,1.5984737873077393,0.344430536031723,0.34544938802719116,0.0020879199728369713,x
0,0.00047084924881346524,0.0022961373906582594,20,0.3800000000000009,0.43000000000000094,6877,-3.355077028274536,1.4806663990020752,0.37984156608581543,0.3827657699584961,0.0022607631981372833,x
1,0.0022961373906582594,0.0031652776524424553,3,-0.46999999999999986,-0.4199999999999998,41,-9.12134075164795,7.435709476470947,-0.4220498204231262,-0.4333813488483429,0.00282035069540143,x
1,0.0022961373906582594,0.0031652776524424553,4,-0.4199999999999998,-0.3699999999999998,6147071,0.38674551248550415,1.5764613151550293,-0.37873461842536926,-0.3783365786075592,0.002626923145726323,x
1,0.0022961373906582594,0.0031652776524424553,5,-0.3699999999999998,-0.31999999999999973,68091,-1.7356511354446411,2.270456552505493,-0.36409324407577515,-0.3658636808395386,0.0030313655734062195,x
1,0.0022961373906582594,0.0031652776524424553,6,-0.31999999999999973,-0.2699999999999997,1564797,-0.16562779247760773,2.0484371185302734,-0.28451672196388245,-0.2846737205982208,0.0027601723559200764,x
1,0.0022961373906582594,0.0031652776524424553,7,-0.2699999999999997,-0.21999999999999964,2715757,-0.4041476845741272,1.9824466705322266,-0.26392316818237305,-0.26422417163848877,0.0027977514546364546,x
1,0.0022961373906582594,0.0031652776524424553,8,-0.21999999999999964,-0.1699999999999996,10,0.8140497803688049,3.841029405593872,-0.21638748049736023,-0.2155829668045044,0.003140779910609126,x
1,0.0022961373906582594,0.0031652776524424553,11,-0.06999999999999951,-0.019999999999999463,279,8.257705688476562,27.974519729614258,-0.02839764766395092,-0.027619672939181328,0.003089612117037177,x
1,0.0022961373906582594,0.0031652776524424553,12,-0.019999999999999463,0.030000000000000582,1040310,42.83495330810547,456.0296325683594,0.012342394329607487,0.011092009954154491,0.0028003572952002287,x
1,0.0022961373906582594,0.0031652776524424553,13,0.030000000000000582,0.08000000000000063,896290,11.229649543762207,17.993371963500977,0.05115726962685585,0.04960654303431511,0.002928727073594928,x
1,0.0022961373906582594,0.0031652776524424553,14,0.08000000000000063,0.13000000000000067,283883,5.390410900115967,7.572154521942139,0.10463044047355652,0.1029815748333931,0.0029836168978363276,x
1,0.0022961373906582594,0.0031652776524424553,15,0.13000000000000067,0.18000000000000071,181463,4.805601596832275,4.467047691345215,0.15517231822013855,0.1529770791530609,0.0030216709710657597,x
1,0.0022961373906582594,0.0031652776524424553,16,0.18000000000000071,0.23000000000000076,63809,4.4293036460876465,3.958742618560791,0.20145471394062042,0.19874387979507446,0.003088572295382619,x
1,0.0022961373906582594,0.0031652776524424553,17,0.23000000000000076,0.2800000000000008,387156,2.427419424057007,2.345639705657959,0.27036452293395996,0.2684938311576843,0.002901823725551367,x
1,0.0022961373906582594,0.0031652776524424553,18,0.2800000000000008,0.33000000000000085,3200585,1.8148163557052612,2.0888257026672363,0.3224341869354248,0.32101619243621826,0.0026761421468108892,x
1,0.0022961373906582594,0.0031652776524424553,19,0.33000000000000085,0.3800000000000009,5597451,-2.5330588817596436,1.8457146883010864,0.36868563294410706,0.37124305963516235,0.0027377628721296787,x
1,0.0022961373906582594,0.0031652776524424553,20,0.3800000000000009,0.43000000000000094,1929748,-2.474351644515991,1.3938374519348145,0.3831646144390106,0.38572219014167786,0.002677811775356531,x
2,0.0031652776524424553,0.003955900203436613,3,-0.46999999999999986,-0.4199999999999998,179,-1.2729088068008423,5.453283786773682,-0.4261569678783417,-0.4293757677078247,0.003771544201299548,x
2,0.0031652776524424553,0.003955900203436613,4,-0.4199999999999998,-0.3699999999999998,1378585,-0.09936116635799408,2.7860543727874756,-0.37960106134414673,-0.3797682821750641,0.0035281891468912363,x
2,0.0031652776524424553,0.003955900203436613,5,-0.3699999999999998,-0.31999999999999973,588949,-0.8899352550506592,2.312993049621582,-0.35951903462409973,-0.36060699820518494,0.003631185507401824,x
2,0.0031652776524424553,0.003955900203436613,6,-0.31999999999999973,-0.2699999999999997,899898,0.45421019196510315,2.4030489921569824,-0.2828834354877472,-0.28250184655189514,0.003487059148028493,x
2,0.0031652776524424553,0.003955900203436613,7,-0.2699999999999997,-0.21999999999999964,1518316,-0.1490868628025055,2.761767625808716,-0.2585128843784332,-0.25865989923477173,0.0035160286352038383,x
2,0.0031652776524424553,0.003955900203436613,8,-0.21999999999999964,-0.1699999999999996,104727,-0.10428186506032944,4.008657932281494,-0.20564748346805573,-0.20573073625564575,0.0038052904419600964,x
2,0.0031652776524424553,0.003955900203436613,9,-0.1699999999999996,-0.11999999999999955,50613,-1.9922429323196411,6.105928421020508,-0.14158619940280914,-0.14273320138454437,0.00385170872323215,x
2,0.0031652776524424553,0.003955900203436613,10,-0.11999999999999955,-0.06999999999999951,103349,-0.7257402539253235,8.264554977416992,-0.09144631028175354,-0.09176161885261536,0.0038444884121418,x
2,0.0031652776524424553,0.003955900203436613,11,-0.06999999999999951,-0.019999999999999463,211014,-0.5554883480072021,17.57546043395996,-0.0425572507083416,-0.04264109209179878,0.0037832863163203,x
2,0.0031652776524424553,0.003955900203436613,12,-0.019999999999999463,0.030000000000000582,1450166,23.511648178100586,296.545166015625,0.015110930427908897,0.013835799880325794,0.003573713591322303,x
2,0.0031652776524424553,0.003955900203436613,13,0.030000000000000582,0.08000000000000063,2313323,7.567171096801758,15.660775184631348,0.05742263048887253,0.05599001422524452,0.0035660560242831707,x
2,0.0031652776524424553,0.003955900203436613,14,0.08000000000000063,0.13000000000000067,2022063,3.843597173690796,7.5897674560546875,0.10531006753444672,0.10389304906129837,0.003642111085355282,x
2,0.0031652776524424553,0.003955900203436613,15,0.13000000000000067,0.18000000000000071,1792711,3.7710764408111572,4.980811595916748,0.15711617469787598,0.15503790974617004,0.0036520359572023153,x
2,0.0031652776524424553,0.003955900203436613,16,0.18000000000000071,0.23000000000000076,1701738,3.042977809906006,3.6949431896209717,0.2063177525997162,0.20412378013134003,0.0036415490321815014,x
2,0.0031652776524424553,0.003955900203436613,17,0.23000000000000076,0.2800000000000008,2140142,1.8809045553207397,2.6917710304260254,0.2608028054237366,0.25908583402633667,0.003633761778473854,x
2,0.0031652776524424553,0.003955900203436613,18,0.2800000000000008,0.33000000000000085,5321849,0.04902111738920212,2.701357364654541,0.31064894795417786,0.3106760084629059,0.003591427579522133,x
2,0.0031652776524424553,0.003955900203436613,19,0.33000000000000085,0.3800000000000009,2340724,-1.749466896057129,2.342329263687134,0.35296469926834106,0.3551120460033417,0.003523522987961769,x
2,0.0031652776524424553,0.003955900203436613,20,0.3800000000000009,0.43000000000000094,138385,-1.4596279859542847,2.524066209793091,0.38477060198783875,0.3869364559650421,0.003542982041835785,x
3,0.003955900203436613,0.004567816853523254,2,-0.5199999999999999,-0.46999999999999986,411,2.2177860736846924,1.478263020515442,-0.48501765727996826,-0.48057952523231506,0.00443257624283433,x
3,0.003955900203436613,0.004567816853523254,3,-0.46999999999999986,-0.4199999999999998,4073,1.0119566917419434,1.9489911794662476,-0.4376222789287567,-0.43586671352386475,0.004371528048068285,x
3,0.003955900203436613,0.004567816853523254,4,-0.4199999999999998,-0.3699999999999998,783900,-0.40752673149108887,3.378150701522827,-0.3812091648578644,-0.381900429725647,0.0042513213120400906,x
3,0.003955900203436613,0.004567816853523254,5,-0.3699999999999998,-0.31999999999999973,1264000,-0.4309242069721222,2.259974956512451,-0.3487759232521057,-0.34941133856773376,0.00429596658796072,x
3,0.003955900203436613,0.004567816853523254,6,-0.31999999999999973,-0.2699999999999997,764561,0.14803752303123474,2.4784488677978516,-0.29207003116607666,-0.29192331433296204,0.004312736913561821,x
3,0.003955900203436613,0.004567816853523254,7,-0.2699999999999997,-0.21999999999999964,1081802,-0.3131282925605774,3.146122455596924,-0.24898363649845123,-0.2493165284395218,0.004283216316252947,x
3,0.003955900203436613,0.004567816853523254,8,-0.21999999999999964,-0.1699999999999996,687788,-0.2528120279312134,3.694331645965576,-0.19771531224250793,-0.19794961810112,0.0043171122670173645,x
3,0.003955900203436613,0.004567816853523254,9,-0.1699999999999996,-0.11999999999999955,523583,-1.2993462085723877,4.9797492027282715,-0.143514022231102,-0.14429980516433716,0.004308362957090139,x
3,0.003955900203436613,0.004567816853523254,10,-0.11999999999999955,-0.06999999999999951,589679,-2.744924783706665,7.636468887329102,-0.09409379214048386,-0.09511079639196396,0.004281405359506607,x
3,0.003955900203436613,0.004567816853523254,11,-0.06999999999999951,-0.019999999999999463,640034,-3.369351863861084,18.756549835205078,-0.0435788556933403,-0.04410174489021301,0.0042777350172400475,x
3,0.003955900203436613,0.004567816853523254,12,-0.019999999999999463,0.030000000000000582,1254608,6.666404724121094,265.4974670410156,0.0105565981939435,0.0099490350112319,0.004258519969880581,x
3,0.003955900203436613,0.004567816853523254,13,0.030000000000000582,0.08000000000000063,1730429,2.662494659423828,16.56668472290039,0.05657908692955971,0.05599639192223549,0.004255697131156921,x
3,0.003955900203436613,0.004567816853523254,14,0.08000000000000063,0.13000000000000067,2183474,1.795995831489563,8.225641250610352,0.10614737123250961,0.10537665337324142,0.004252422135323286,x
3,0.003955900203436613,0.004567816853523254,15,0.13000000000000067,0.18000000000000071,2212181,1.420531153678894,5.7610578536987305,0.1557244509458542,0.15487349033355713,0.004255213774740696,x
3,0.003955900203436613,0.004567816853523254,16,0.18000000000000071,0.23000000000000076,2164465,0.9552966356277466,4.228536605834961,0.20574812591075897,0.20501752197742462,0.0042642876505851746,x
3,0.003955900203436613,0.004567816853523254,17,0.23000000000000076,0.2800000000000008,2854846,0.6062746047973633,3.3589115142822266,0.25616759061813354,0.25562137365341187,0.004267517011612654,x
3,0.003955900203436613,0.004567816853523254,18,0.2800000000000008,0.33000000000000085,3838863,-0.4931221902370453,2.9093985557556152,0.3080340325832367,0.30868735909461975,0.004243236966431141,x
3,0.003955900203436613,0.004567816853523254,19,0.33000000000000085,0.3800000000000009,1298659,-1.3928751945495605,2.660158157348633,0.3490179181098938,0.3511154055595398,0.004250670783221722,x
3,0.003955900203436613,0.004567816853523254,20,0.3800000000000009,0.43000000000000094,195436,-0.599486768245697,2.0313403606414795,0.3870813250541687,0.3882342278957367,0.0042971111834049225,x
3,0.003955900203436613,0.004567816853523254,21,0.43000000000000094,0.480000000000001,3902,0.014262720011174679,1.374814748764038,0.44591253995895386,0.44578710198402405,0.004456720314919949,x
3,0.003955900203436613,0.004567816853523254,22,0.480000000000001,0.530000000000001,43,1.9146782159805298,1.3349759578704834,0.49597546458244324,0.4920448958873749,0.004488137550652027,x
4,0.004567816853523254,0.00517797376960516,2,-0.5199999999999999,-0.46999999999999986,3900,1.3741235733032227,1.5598227977752686,-0.48522594571113586,-0.482056200504303,0.004960524849593639,x
4,0.004567816853523254,0.00517797376960516,3,-0.46999999999999986,-0.4199999999999998,19807,0.7375167608261108,1.6888400316238403,-0.4425440728664398,-0.4409838020801544,0.0049339644610881805,x
4,0.004567816853523254,0.00517797376960516,4,-0.4199999999999998,-0.3699999999999998,604673,-0.45625823736190796,3.590651750564575,-0.38184764981269836,-0.38272619247436523,0.004857467487454414,x
4,0.004567816853523254,0.00517797376960516,5,-0.3699999999999998,-0.31999999999999973,1434373,-0.45312342047691345,2.2070910930633545,-0.3432345986366272,-0.34398922324180603,0.004856880754232407,x
4,0.004567816853523254,0.00517797376960516,6,-0.31999999999999973,-0.2699999999999997,1297952,-0.15111421048641205,2.5196192264556885,-0.29495370388031006,-0.29523196816444397,0.004878323990851641,x
4,0.004567816853523254,0.00517797376960516,7,-0.2699999999999997,-0.21999999999999964,1343386,-0.047417622059583664,3.2382023334503174,-0.2470858097076416,-0.24711443483829498,0.004870562348514795,x
4,0.004567816853523254,0.00517797376960516,8,-0.21999999999999964,-0.1699999999999996,1245006,0.11160288006067276,3.5954670906066895,-0.19501034915447235,-0.19487565755844116,0.004879150073975325,x
4,0.004567816853523254,0.00517797376960516,9,-0.1699999999999996,-0.11999999999999955,1047029,0.24829937517642975,4.705007553100586,-0.1455381065607071,-0.14533565938472748,0.004890587646514177,x
4,0.004567816853523254,0.00517797376960516,10,-0.11999999999999955,-0.06999999999999951,999658,0.390094518661499,7.439620494842529,-0.09531813114881516,-0.09511499851942062,0.004887949209660292,x
4,0.004567816853523254,0.00517797376960516,11,-0.06999999999999951,-0.019999999999999463,1007604,4.287029266357422,19.649682998657227,-0.046105802059173584,-0.045196931809186935,0.004885358735918999,x
4,0.004567816853523254,0.00517797376960516,12,-0.019999999999999463,0.030000000000000582,1210968,0.4482901096343994,243.17138671875,0.007197687868028879,0.007904336787760258,0.004872130695730448,x
4,0.004567816853523254,0.00517797376960516,13,0.030000000000000582,0.08000000000000063,1569738,-2.608102798461914,17.440967559814453,0.05506548285484314,0.05570640042424202,0.004866532515734434,x
4,0.004567816853523254,0.00517797376960516,14,0.08000000000000063,0.13000000000000067,1888564,-1.0040496587753296,8.735727310180664,0.1049397736787796,0.10536997020244598,0.004863072652369738,x
4,0.004567816853523254,0.00517797376960516,15,0.13000000000000067,0.18000000000000071,1910664,-0.700209379196167,6.126957416534424,0.15454362332820892,0.15504610538482666,0.004865736700594425,x
4,0.004567816853523254,0.00517797376960516,16,0.18000000000000071,0.23000000000000076,1962573,-0.7731336355209351,4.691889762878418,0.20458707213401794,0.20538093149662018,0.0048624565824866295,x
4,0.004567816853523254,0.00517797376960516,17,0.23000000000000076,0.2800000000000008,2540668,0.05462433397769928,3.5525641441345215,0.2546801269054413,0.2547006607055664,0.0048645371571183205,x
4,0.004567816853523254,0.00517797376960516,18,0.2800000000000008,0.33000000000000085,2571320,-0.4329639673233032,3.0233514308929443,0.3059275150299072,0.3066331148147583,0.004859940614551306,x
4,0.004567816853523254,0.00517797376960516,19,0.33000000000000085,0.3800000000000009,1085564,-1.1613808870315552,2.59643816947937,0.3518683612346649,0.353916734457016,0.004868619609624147,x
4,0.004567816853523254,0.00517797376960516,20,0.3800000000000009,0.43000000000000094,284906,-0.38458847999572754,2.1499125957489014,0.38925284147262573,0.39008447527885437,0.004879763815551996,x
4,0.004567816853523254,0.00517797376960516,21,0.43000000000000094,0.480000000000001,46383,0.04070543125271797,1.323660135269165,0.44871288537979126,0.4485296905040741,0.0049284095875918865,x
4,0.004567816853523254,0.00517797376960516,22,0.480000000000001,0.530000000000001,1983,1.4257341623306274,1.367244839668274,0.4976046681404114,0.49434563517570496,0.0049979728646576405,x
4,0.004567816853523254,0.00517797376960516,23,0.530000000000001,0.5800000000000011,18,1.1774920225143433,0.8386828899383545,0.5385512113571167,0.5352415442466736,0.0050352029502391815,x
5,0.00517797376960516,0.00588015653192997,1,-0.57,-0.5199999999999999,81,1.6002167463302612,0.730294942855835,-0.5296468138694763,-0.5249205827713013,0.005677502136677504,x
5,0.00517797376960516,0.00588015653192997,2,-0.5199999999999999,-0.46999999999999986,17302,0.9330693483352661,1.4091206789016724,-0.48658788204193115,-0.48407840728759766,0.005588318221271038,x
5,0.00517797376960516,0.00588015653192997,3,-0.46999999999999986,-0.4199999999999998,57715,0.4278971254825592,1.5763473510742188,-0.444288969039917,-0.4432464838027954,0.005565861705690622,x
5,0.00517797376960516,0.00588015653192997,4,-0.4199999999999998,-0.3699999999999998,510399,-0.34860432147979736,3.9542911052703857,-0.3830890655517578,-0.38388141989707947,0.0055113001726567745,x
5,0.00517797376960516,0.00588015653192997,5,-0.3699999999999998,-0.31999999999999973,1066152,-0.47815755009651184,2.306116819381714,-0.34284675121307373,-0.3437548279762268,0.005502569954842329,x
5,0.00517797376960516,0.00588015653192997,6,-0.31999999999999973,-0.2699999999999997,1234506,-0.5086815357208252,2.719475507736206,-0.2934766113758087,-0.29430168867111206,0.00550221698358655,x
5,0.00517797376960516,0.00588015653192997,7,-0.2699999999999997,-0.21999999999999964,1384408,-0.29171517491340637,3.5381648540496826,-0.24611063301563263,-0.24646030366420746,0.005521382670849562,x
5,0.00517797376960516,0.00588015653192997,8,-0.21999999999999964,-0.1699999999999996,1362358,-0.06639891117811203,3.9536378383636475,-0.19387581944465637,-0.19392254948616028,0.005525911692529917,x
5,0.00517797376960516,0.00588015653192997,9,-0.1699999999999996,-0.11999999999999955,1442833,0.7457335591316223,4.996374607086182,-0.14615896344184875,-0.14556001126766205,0.005539024248719215,x
5,0.00517797376960516,0.00588015653192997,10,-0.11999999999999955,-0.06999999999999951,1283197,1.619264006614685,7.9627251625061035,-0.09607113897800446,-0.09524407982826233,0.005540473386645317,x
5,0.00517797376960516,0.00588015653192997,11,-0.06999999999999951,-0.019999999999999463,1227113,6.39998722076416,20.51211166381836,-0.0464547835290432,-0.044987525790929794,0.005536324810236692,x
5,0.00517797376960516,0.00588015653192997,12,-0.019999999999999463,0.030000000000000582,1370574,-2.1080009937286377,242.67701721191406,0.005373707972466946,0.006860056426376104,0.005529853980988264,x
5,0.00517797376960516,0.00588015653192997,13,0.030000000000000582,0.08000000000000063,1626888,-5.156456470489502,17.6011962890625,0.053832780569791794,0.05527755618095398,0.005520691629499197,x
5,0.00517797376960516,0.00588015653192997,14,0.08000000000000063,0.13000000000000067,1776480,-2.2417361736297607,8.980753898620605,0.10410905629396439,0.10532239079475403,0.005511711351573467,x
5,0.00517797376960516,0.00588015653192997,15,0.13000000000000067,0.18000000000000071,1775571,-1.4730961322784424,6.155109882354736,0.15339358150959015,0.15459157526493073,0.005509374663233757,x
5,0.00517797376960516,0.00588015653192997,16,0.18000000000000071,0.23000000000000076,1733890,-1.5365813970565796,4.700336933135986,0.20417042076587677,0.20584404468536377,0.0055135819129645824,x
5,0.00517797376960516,0.00588015653192997,17,0.23000000000000076,0.2800000000000008,2386773,-0.2841930389404297,3.6828856468200684,0.2545609772205353,0.2550210952758789,0.00551209319382906,x
5,0.00517797376960516,0.00588015653192997,18,0.2800000000000008,0.33000000000000085,2272059,-0.6848845481872559,3.063260316848755,0.3044513761997223,0.3056284487247467,0.0055072121322155,x
5,0.00517797376960516,0.00588015653192997,19,0.33000000000000085,0.3800000000000009,1053133,-1.0898785591125488,2.6189985275268555,0.35281842947006226,0.35495567321777344,0.005515080876648426,x
5,0.00517797376960516,0.00588015653192997,20,0.3800000000000009,0.43000000000000094,364693,-0.2557756006717682,2.3116681575775146,0.39401867985725403,0.3946707844734192,0.0055374642834067345,x
5,0.00517797376960516,0.00588015653192997,21,0.43000000000000094,0.480000000000001,114623,0.042716134339571,1.365917444229126,0.4514349102973938,0.45128360390663147,0.005569480359554291,x
5,0.00517797376960516,0.00588015653192997,22,0.480000000000001,0.530000000000001,15559,0.875504732131958,1.2545018196105957,0.49708569049835205,0.4946655333042145,0.005607960745692253,x
5,0.00517797376960516,0.00588015653192997,23,0.530000000000001,0.5800000000000011,433,1.4289989471435547,1.1609625816345215,0.5414823293685913,0.5373457670211792,0.005661597475409508,x
6,0.00588015653192997,0.006730776280164719,1,-0.57,-0.5199999999999999,925,1.4378607273101807,0.889716625213623,-0.5320395827293396,-0.5271975994110107,0.006440752185881138,x
6,0.00588015653192997,0.006730776280164719,2,-0.5199999999999999,-0.46999999999999986,45156,0.7125297784805298,1.2901767492294312,-0.48980772495269775,-0.48762059211730957,0.006345286965370178,x
6,0.00588015653192997,0.006730776280164719,3,-0.46999999999999986,-0.4199999999999998,92913,0.2068967968225479,1.5373735427856445,-0.44478553533554077,-0.4441750645637512,0.006301821209490299,x
6,0.00588015653192997,0.006730776280164719,4,-0.4199999999999998,-0.3699999999999998,449403,-0.19747227430343628,3.744767665863037,-0.38489583134651184,-0.3854007422924042,0.006281321402639151,x
6,0.00588015653192997,0.006730776280164719,5,-0.3699999999999998,-0.31999999999999973,815335,-0.4380279779434204,2.457899570465088,-0.34327730536460876,-0.34424516558647156,0.006272637285292149,x
6,0.00588015653192997,0.006730776280164719,6,-0.31999999999999973,-0.2699999999999997,1042918,-0.6231658458709717,2.6783056259155273,-0.29283156991004944,-0.2939535975456238,0.006277161184698343,x
6,0.00588015653192997,0.006730776280164719,7,-0.2699999999999997,-0.21999999999999964,1345092,-0.2932646572589874,3.4412591457366943,-0.24460798501968384,-0.2450372576713562,0.0062858168967068195,x
6,0.00588015653192997,0.006730776280164719,8,-0.21999999999999964,-0.1699999999999996,1423230,-0.10777777433395386,3.9426467418670654,-0.19450202584266663,-0.1946393996477127,0.00628546392545104,x
6,0.00588015653192997,0.006730776280164719,9,-0.1699999999999996,-0.11999999999999955,1541351,0.8271093368530273,5.237575531005859,-0.14569610357284546,-0.14496755599975586,0.006276801228523254,x
6,0.00588015653192997,0.006730776280164719,10,-0.11999999999999955,-0.06999999999999951,1558634,2.0917422771453857,8.27807331085205,-0.0962480828166008,-0.09506142139434814,0.00628528231754899,x
6,0.00588015653192997,0.006730776280164719,11,-0.06999999999999951,-0.019999999999999463,1500503,6.144638538360596,20.754413604736328,-0.04653555154800415,-0.04494480788707733,0.0062793707475066185,x
6,0.00588015653192997,0.006730776280164719,12,-0.019999999999999463,0.030000000000000582,1484906,-2.029083728790283,222.5074462890625,0.004545027390122414,0.006135520990937948,0.006287436932325363,x
6,0.00588015653192997,0.006730776280164719,13,0.030000000000000582,0.08000000000000063,1650386,-5.278861999511719,17.4573917388916,0.05330052226781845,0.055006008595228195,0.0062946840189397335,x
6,0.00588015653192997,0.006730776280164719,14,0.08000000000000063,0.13000000000000067,1706542,-2.877652406692505,8.71094799041748,0.10352874547243118,0.10531029105186462,0.006291212048381567,x
6,0.00588015653192997,0.006730776280164719,15,0.13000000000000067,0.18000000000000071,1754356,-2.072396993637085,5.853023529052734,0.15294675529003143,0.1548214852809906,0.006292769219726324,x
6,0.00588015653192997,0.006730776280164719,16,0.18000000000000071,0.23000000000000076,1698017,-1.8677117824554443,4.4221577644348145,0.20296800136566162,0.20521558821201324,0.00628714868798852,x
6,0.00588015653192997,0.006730776280164719,17,0.23000000000000076,0.2800000000000008,2211075,-0.49549975991249084,3.6060123443603516,0.25420045852661133,0.2549583315849304,0.0062864553183317184,x
6,0.00588015653192997,0.006730776280164719,18,0.2800000000000008,0.33000000000000085,1959115,-0.7783295512199402,3.0540387630462646,0.30376625061035156,0.3052315413951874,0.006283129565417767,x
6,0.00588015653192997,0.006730776280164719,19,0.33000000000000085,0.3800000000000009,988060,-0.9997111558914185,2.67905330657959,0.35269424319267273,0.35491639375686646,0.0062862844206392765,x
6,0.00588015653192997,0.006730776280164719,20,0.3800000000000009,0.43000000000000094,520593,-0.23341654241085052,2.2553062438964844,0.3991887867450714,0.3998272120952606,0.006313210353255272,x
6,0.00588015653192997,0.006730776280164719,21,0.43000000000000094,0.480000000000001,236730,0.02006111480295658,1.330091118812561,0.4511103630065918,0.4510074853897095,0.006328196730464697,x
6,0.00588015653192997,0.006730776280164719,22,0.480000000000001,0.530000000000001,48261,0.6080007553100586,1.1701335906982422,0.49802422523498535,0.4961174726486206,0.006350926123559475,x
6,0.00588015653192997,0.006730776280164719,23,0.530000000000001,0.5800000000000011,3256,1.1291321516036987,1.217254638671875,0.5437642335891724,0.5398974418640137,0.006397794000804424,x
7,0.006730776280164719,0.008082135580480099,1,-0.57,-0.5199999999999999,13973,0.9040918946266174,0.9772859811782837,-0.5333698391914368,-0.529771625995636,0.007621319033205509,x
7,0.006730776280164719,0.008082135580480099,2,-0.5199999999999999,-0.46999999999999986,106461,0.49682560563087463,1.1977800130844116,-0.4946800768375397,-0.49288883805274963,0.007429831195622683,x
7,0.006730776280164719,0.008082135580480099,3,-0.46999999999999986,-0.4199999999999998,118427,0.19685712456703186,1.530205488204956,-0.44599971175193787,-0.44528570771217346,0.0073625994846224785,x
7,0.006730776280164719,0.008082135580480099,4,-0.4199999999999998,-0.3699999999999998,450395,-0.07045102119445801,3.639225959777832,-0.38592687249183655,-0.3861156702041626,0.0073415301740169525,x
7,0.006730776280164719,0.008082135580480099,5,-0.3699999999999998,-0.31999999999999973,776483,-0.33956319093704224,2.696500301361084,-0.34375885128974915,-0.3446803092956543,0.007341228891164064,x
7,0.006730776280164719,0.008082135580480099,6,-0.31999999999999973,-0.2699999999999997,993083,-0.5869624614715576,2.915012836456299,-0.292020320892334,-0.2932453751564026,0.007330532651394606,x
7,0.006730776280164719,0.008082135580480099,7,-0.2699999999999997,-0.21999999999999964,1345339,-0.13808678090572357,3.57216215133667,-0.24454355239868164,-0.2447817027568817,0.007319669239223003,x
7,0.006730776280164719,0.008082135580480099,8,-0.21999999999999964,-0.1699999999999996,1412717,0.2084023654460907,4.0720930099487305,-0.1951671838760376,-0.19490209221839905,0.007315886672586203,x
7,0.006730776280164719,0.008082135580480099,9,-0.1699999999999996,-0.11999999999999955,1468390,0.8880263566970825,5.564939022064209,-0.14576241374015808,-0.1448538601398468,0.00732260849326849,x
7,0.006730776280164719,0.008082135580480099,10,-0.11999999999999955,-0.06999999999999951,1503387,1.754705786705017,8.930819511413574,-0.0962519571185112,-0.09509656578302383,0.00732393329963088,x
7,0.006730776280164719,0.008082135580480099,11,-0.06999999999999951,-0.019999999999999463,1430829,5.37235689163208,22.244630813598633,-0.04651976004242897,-0.044911209493875504,0.007326425518840551,x
7,0.006730776280164719,0.008082135580480099,12,-0.019999999999999463,0.030000000000000582,1472950,-1.2077020406723022,227.3641815185547,0.004713620059192181,0.006215622182935476,0.007328686770051718,x
7,0.006730776280164719,0.008082135580480099,13,0.030000000000000582,0.08000000000000063,1643062,-4.226903438568115,17.944807052612305,0.05334413796663284,0.054923225194215775,0.007324534934014082,x
7,0.006730776280164719,0.008082135580480099,14,0.08000000000000063,0.13000000000000067,1593007,-2.477903366088867,8.932825088500977,0.10301953554153442,0.1047930046916008,0.00731501542031765,x
7,0.006730776280164719,0.008082135580480099,15,0.13000000000000067,0.18000000000000071,1535879,-1.6620280742645264,6.049665451049805,0.15320700407028198,0.15493962168693542,0.007310258690267801,x
7,0.006730776280164719,0.008082135580480099,16,0.18000000000000071,0.23000000000000076,1539724,-1.5575392246246338,4.472742557525635,0.20313946902751923,0.20529545843601227,0.007315310183912516,x
7,0.006730776280164719,0.008082135580480099,17,0.23000000000000076,0.2800000000000008,2290015,-0.5333455801010132,3.582319736480713,0.25457990169525146,0.25552037358283997,0.007337944116443396,x
7,0.006730776280164719,0.008082135580480099,18,0.2800000000000008,0.33000000000000085,2097229,-0.919817328453064,3.0956473350524902,0.3026389181613922,0.3046451508998871,0.007356016431003809,x
7,0.006730776280164719,0.008082135580480099,19,0.33000000000000085,0.3800000000000009,1046237,-0.935314953327179,2.8117258548736572,0.3524235486984253,0.35488155484199524,0.007337815593928099,x
7,0.006730776280164719,0.008082135580480099,20,0.3800000000000009,0.43000000000000094,691835,-0.16652357578277588,2.1336476802825928,0.40116357803344727,0.40164870023727417,0.00734093738719821,x
7,0.006730776280164719,0.008082135580480099,21,0.43000000000000094,0.480000000000001,410306,0.04518798738718033,1.3287768363952637,0.4529891908168793,0.4527794420719147,0.0073888045735657215,x
7,0.006730776280164719,0.008082135580480099,22,0.480000000000001,0.530000000000001,120497,0.4948887228965759,1.160300612449646,0.4991924464702606,0.49740079045295715,0.007440153509378433,x
7,0.006730776280164719,0.008082135580480099,23,0.530000000000001,0.5800000000000011,16508,0.7716636061668396,1.13886296749115,0.5447264313697815,0.5415056943893433,0.007508705835789442,x
8,0.008082135580480099,0.011799254082143357,0,-inf,-0.57,10260,-0.1852879673242569,0.7014833092689514,-0.5766022801399231,-0.5778056979179382,0.011088952422142029,x
8,0.008082135580480099,0.011799254082143357,1,-0.57,-0.5199999999999999,184117,0.38052672147750854,0.9397818446159363,-0.5412375330924988,-0.539178192615509,0.010104012675583363,x
8,0.008082135580480099,0.011799254082143357,2,-0.5199999999999999,-0.46999999999999986,204281,0.3144610524177551,1.1359385251998901,-0.4987134337425232,-0.49718865752220154,0.009593657217919827,x
8,0.008082135580480099,0.011799254082143357,3,-0.46999999999999986,-0.4199999999999998,145536,0.2955729365348816,1.5607030391693115,-0.4469018876552582,-0.445565402507782,0.009552586823701859,x
8,0.008082135580480099,0.011799254082143357,4,-0.4199999999999998,-0.3699999999999998,542732,0.07128862291574478,3.6597530841827393,-0.3876345753669739,-0.3872907757759094,0.009608731605112553,x
8,0.008082135580480099,0.011799254082143357,5,-0.3699999999999998,-0.31999999999999973,886560,-0.25834569334983826,3.009460687637329,-0.34368014335632324,-0.34472545981407166,0.009578126482665539,x
8,0.008082135580480099,0.011799254082143357,6,-0.31999999999999973,-0.2699999999999997,1020129,-0.45311376452445984,3.3739142417907715,-0.29242339730262756,-0.2936779856681824,0.009551732800900936,x
8,0.008082135580480099,0.011799254082143357,7,-0.2699999999999997,-0.21999999999999964,1132538,-0.02802945487201214,4.068432331085205,-0.2455202341079712,-0.24553143978118896,0.009493998251855373,x
8,0.008082135580480099,0.011799254082143357,8,-0.21999999999999964,-0.1699999999999996,1178358,0.35123005509376526,4.499868392944336,-0.19531987607479095,-0.1946982592344284,0.009485544636845589,x
8,0.008082135580480099,0.011799254082143357,9,-0.1699999999999996,-0.11999999999999955,1251344,0.7463483810424805,6.136967182159424,-0.14573028683662415,-0.14476650953292847,0.009491504170000553,x
8,0.008082135580480099,0.011799254082143357,10,-0.11999999999999955,-0.06999999999999951,1312492,1.261572003364563,9.758594512939453,-0.0959368646144867,-0.09490986168384552,0.009492139331996441,x
8,0.008082135580480099,0.011799254082143357,11,-0.06999999999999951,-0.019999999999999463,1329793,3.7898755073547363,24.378345489501953,-0.04600632190704346,-0.04460455849766731,0.009502408094704151,x
8,0.008082135580480099,0.011799254082143357,12,-0.019999999999999463,0.030000000000000582,1467699,0.2660333514213562,260.21453857421875,0.005245723761618137,0.006426131818443537,0.009520376101136208,x
8,0.008082135580480099,0.011799254082143357,13,0.030000000000000582,0.08000000000000063,1641507,-2.490426778793335,19.101158142089844,0.05347875878214836,0.05465897545218468,0.009533488191664219,x
8,0.008082135580480099,0.011799254082143357,14,0.08000000000000063,0.13000000000000067,1521504,-1.3733717203140259,9.251500129699707,0.1035405620932579,0.10483426600694656,0.009536918252706528,x
8,0.008082135580480099,0.011799254082143357,15,0.13000000000000067,0.18000000000000071,1482840,-0.8820703625679016,6.278751850128174,0.15359875559806824,0.15476462244987488,0.00955025851726532,x
8,0.008082135580480099,0.011799254082143357,16,0.18000000000000071,0.23000000000000076,1454832,-0.7157747149467468,4.651086330413818,0.20423270761966705,0.2054903656244278,0.009545433335006237,x
8,0.008082135580480099,0.011799254082143357,17,0.23000000000000076,0.2800000000000008,2434035,0.07505378872156143,3.5362865924835205,0.255132257938385,0.2550027668476105,0.009582668542861938,x
8,0.008082135580480099,0.011799254082143357,18,0.2800000000000008,0.33000000000000085,2152098,-0.5749881267547607,3.3277428150177,0.30367350578308105,0.30536627769470215,0.0095256632193923,x
8,0.008082135580480099,0.011799254082143357,19,0.33000000000000085,0.3800000000000009,1050380,-0.652768075466156,3.2204582691192627,0.35194283723831177,0.3543300926685333,0.009532441385090351,x
8,0.008082135580480099,0.011799254082143357,20,0.3800000000000009,0.43000000000000094,717450,-0.0005592728266492486,2.5081217288970947,0.40256616473197937,0.4025253355503082,0.009532442316412926,x
8,0.008082135580480099,0.011799254082143357,21,0.43000000000000094,0.480000000000001,553489,0.0890466496348381,1.4426182508468628,0.4567767381668091,0.4562172293663025,0.009524703957140446,x
8,0.008082135580480099,0.011799254082143357,22,0.480000000000001,0.530000000000001,338699,0.3021292984485626,1.172832727432251,0.49908214807510376,0.4976211488246918,0.009810253977775574,x
8,0.008082135580480099,0.011799254082143357,23,0.530000000000001,0.5800000000000011,64079,0.620396614074707,1.0232237577438354,0.5460218787193298,0.542694091796875,0.00978841632604599,x
9,0.011799254082143357,56.47216796875,0,-inf,-0.57,138576,-0.055417656898498535,0.5478657484054565,-0.5859512686729431,-0.5866937637329102,0.05031704157590866,x
9,0.011799254082143357,56.47216796875,1,-0.57,-0.5199999999999999,293174,0.30526918172836304,0.9822840690612793,-0.549172580242157,-0.5441475510597229,0.059953756630420685,x
9,0.011799254082143357,56.47216796875,2,-0.5199999999999999,-0.46999999999999986,224237,0.3976588547229767,1.3340728282928467,-0.5045672655105591,-0.4956723749637604,0.08751369267702103,x
9,0.011799254082143357,56.47216796875,3,-0.46999999999999986,-0.4199999999999998,218716,0.5379769206047058,1.737061858177185,-0.45398250222206116,-0.4446215033531189,0.08869826048612595,x
9,0.011799254082143357,56.47216796875,4,-0.4199999999999998,-0.3699999999999998,591991,0.1409771889448166,3.5204668045043945,-0.3900544345378876,-0.38909047842025757,0.04532415419816971,x
9,0.011799254082143357,56.47216796875,5,-0.3699999999999998,-0.31999999999999973,1017476,-0.06362346559762955,3.3495664596557617,-0.3401505947113037,-0.3443011939525604,0.043136753141880035,x
9,0.011799254082143357,56.47216796875,6,-0.31999999999999973,-0.2699999999999997,1134264,-0.33059948682785034,3.523935556411743,-0.2914714813232422,-0.29410988092422485,0.04405908286571503,x
9,0.011799254082143357,56.47216796875,7,-0.2699999999999997,-0.21999999999999964,946049,-0.06829997897148132,4.588327884674072,-0.24467803537845612,-0.24642877280712128,0.047272440046072006,x
9,0.011799254082143357,56.47216796875,8,-0.21999999999999964,-0.1699999999999996,934831,0.18585747480392456,5.0902886390686035,-0.19385047256946564,-0.19464701414108276,0.05386392027139664,x
9,0.011799254082143357,56.47216796875,9,-0.1699999999999996,-0.11999999999999955,1012609,0.2305929809808731,6.802910327911377,-0.14434649050235748,-0.1447306126356125,0.04823211207985878,x
9,0.011799254082143357,56.47216796875,10,-0.11999999999999955,-0.06999999999999951,1062655,-0.043369144201278687,10.698923110961914,-0.0943266972899437,-0.09487146884202957,0.047966279089450836,x
9,0.011799254082143357,56.47216796875,11,-0.06999999999999951,-0.019999999999999463,1125077,0.06127211079001427,26.324874877929688,-0.04478885233402252,-0.04457883909344673,0.04665650054812431,x
9,0.011799254082143357,56.47216796875,12,-0.019999999999999463,0.030000000000000582,1328050,2.6238536834716797,255.03233337402344,0.007869580760598183,0.006785430014133453,0.0426812581717968,x
9,0.011799254082143357,56.47216796875,13,0.030000000000000582,0.08000000000000063,1604691,-0.5053068995475769,19.423982620239258,0.05485248193144798,0.0548943355679512,0.04139349237084389,x
9,0.011799254082143357,56.47216796875,14,0.08000000000000063,0.13000000000000067,1535901,-0.25363412499427795,9.659560203552246,0.10459135472774506,0.1049465537071228,0.042698584496974945,x
9,0.011799254082143357,56.47216796875,15,0.13000000000000067,0.18000000000000071,1564237,-0.15238355100154877,6.346909046173096,0.15450362861156464,0.15508510172367096,0.043757855892181396,x
9,0.011799254082143357,56.47216796875,16,0.18000000000000071,0.23000000000000076,1667351,-0.0887693241238594,4.6484785079956055,0.2044118046760559,0.20591869950294495,0.04540880769491196,x
9,0.011799254082143357,56.47216796875,17,0.23000000000000076,0.2800000000000008,2963596,0.18103806674480438,3.2946290969848633,0.2539413273334503,0.2547985017299652,0.04168148711323738,x
9,0.011799254082143357,56.47216796875,18,0.2800000000000008,0.33000000000000085,2089381,-0.2523746192455292,3.4931979179382324,0.300691694021225,0.3049699664115906,0.0354926735162735,x
9,0.011799254082143357,56.47216796875,19,0.33000000000000085,0.3800000000000009,1098655,-0.35559093952178955,3.498044729232788,0.3479979634284973,0.35304418206214905,0.035784389823675156,x
9,0.011799254082143357,56.47216796875,20,0.3800000000000009,0.43000000000000094,706973,0.16520659625530243,2.7722349166870117,0.40445661544799805,0.40366363525390625,0.03851739317178726,x
9,0.011799254082143357,56.47216796875,21,0.43000000000000094,0.480000000000001,454333,0.3887695372104645,1.6307228803634644,0.45863524079322815,0.45365384221076965,0.04143386334180832,x
9,0.011799254082143357,56.47216796875,22,0.480000000000001,0.530000000000001,314976,0.2845122814178467,1.4046728610992432,0.5017450451850891,0.4987829327583313,0.030174707993865013,x
9,0.011799254082143357,56.47216796875,23,0.530000000000001,0.5800000000000011,48587,0.44681087136268616,1.398393154144287,0.5452597141265869,0.5435366630554199,0.03263973444700241,x
9,0.011799254082143357,56.47216796875,24,0.5800000000000011,inf,354,-0.518731951713562,0.6822264790534973,0.5324466228485107,0.5963963866233826,0.29124826192855835,x
0,0.000472488027298823,0.0022960903355851775,2,-0.47000000000000003,-0.42000000000000004,16,-12.421347618103027,13.524042129516602,-0.4239780902862549,-0.4366189241409302,0.001983154797926545,y
0,0.000472488027298823,0.0022960903355851775,3,-0.42000000000000004,-0.37000000000000005,682054,0.27956104278564453,1.3983110189437866,-0.3832981288433075,-0.3830539882183075,0.002231507794931531,y
0,0.000472488027298823,0.0022960903355851775,4,-0.37000000000000005,-0.32000000000000006,6,6.11127233505249,1.3114513158798218,-0.37465062737464905,-0.36969661712646484,0.002186116296797991,y
0,0.000472488027298823,0.0022960903355851775,5,-0.32000000000000006,-0.2700000000000001,29857,-0.8137447237968445,1.611136555671692,-0.29315185546875,-0.29370611906051636,0.002249618759378791,y
0,0.000472488027298823,0.0022960903355851775,6,-0.2700000000000001,-0.22000000000000008,94024,-1.7724628448486328,1.8686174154281616,-0.262765496969223,-0.2637888789176941,0.0021934693213552237,y
0,0.000472488027298823,0.0022960903355851775,11,-0.02000000000000013,0.029999999999999805,5370394,-218.81329345703125,736.058837890625,0.0007379052112810314,0.0001163590422947891,0.00098571612033993,y
0,0.000472488027298823,0.0022960903355851775,12,0.029999999999999805,0.07999999999999985,3009,21.526140213012695,24.51262092590332,0.03784652426838875,0.036168016493320465,0.0022275284864008427,y
0,0.000472488027298823,0.0022960903355851775,13,0.07999999999999985,0.1299999999999999,7,7.952145099639893,3.4492666721343994,0.10295640677213669,0.101096011698246,0.0022856539580971003,y
0,0.000472488027298823,0.0022960903355851775,16,0.22999999999999976,0.2799999999999998,24980,3.3685691356658936,2.122335433959961,0.28013554215431213,0.27819764614105225,0.002103509847074747,y
0,0.000472488027298823,0.0022960903355851775,17,0.2799999999999998,0.32999999999999985,17512116,2.1684370040893555,1.376482605934143,0.3286713659763336,0.32728394865989685,0.0019650510512292385,y
0,0.000472488027298823,0.0022960903355851775,18,0.32999999999999985,0.3799999999999998,353533,-1.1595040559768677,1.6001732349395752,0.3444257974624634,0.34544405341148376,0.002087971894070506,y
0,0.000472488027298823,0.0022960903355851775,19,0.3799999999999998,0.4299999999999997,6807,-3.3658666610717773,1.4930839538574219,0.3798351585865021,0.3827659785747528,0.0022606290876865387,y
1,0.0022960903355851775,0.003165316069498658,2,-0.47000000000000003,-0.42000000000000004,51,-9.837733268737793,9.800878524780273,-0.42197343707084656,-0.4343870282173157,0.0027968150097876787,y
1,0.0022960903355851775,0.003165316069498658,3,-0.42000000000000004,-0.37000000000000005,6147023,0.3869020938873291,1.5339937210083008,-0.3787355422973633,-0.37833717465400696,0.0026268719229847193,y
1,0.0022960903355851775,0.003165316069498658,4,-0.37000000000000005,-0.32000000000000006,67884,-1.7290304899215698,2.2761425971984863,-0.3640962839126587,-0.3658614754676819,0.0030310486909002066,y
1,0.0022960903355851775,0.003165316069498658,5,-0.32000000000000006,-0.2700000000000001,1565110,-0.16555660963058472,2.0488500595092773,-0.2845194935798645,-0.28467628359794617,0.0027602710761129856,y
1,0.0022960903355851775,0.003165316069498658,6,-0.2700000000000001,-0.22000000000000008,2715227,-0.4039769172668457,1.986388087272644,-0.2639240324497223,-0.2642250955104828,0.002797751920297742,y
1,0.0022960903355851775,0.003165316069498658,7,-0.22000000000000008,-0.1700000000000001,9,2.483865737915039,3.3780055046081543,-0.21688686311244965,-0.21520499885082245,0.0031404527835547924,y
1,0.0022960903355851775,0.003165316069498658,10,-0.07000000000000012,-0.02000000000000013,283,9.10130500793457,28.525056838989258,-0.028248049318790436,-0.027414990589022636,0.0030868693720549345,y
1,0.0022960903355851775,0.003165316069498658,11,-0.02000000000000013,0.029999999999999805,1040400,42.82575607299805,460.7053527832031,0.01234396081417799,0.01109471544623375,0.0028001065365970135,y
1,0.0022960903355851775,0.003165316069498658,12,0.029999999999999805,0.07999999999999985,895834,11.230340003967285,17.993009567260742,0.05114755779504776,0.04959661886096001,0.0029287682846188545,y
1,0.0022960903355851775,0.003165316069498658,13,0.07999999999999985,0.1299999999999999,283978,5.391307830810547,7.587595462799072,0.10460188239812851,0.10295389592647552,0.0029835898894816637,y
1,0.0022960903355851775,0.003165316069498658,14,0.1299999999999999,0.17999999999999983,181550,4.807673454284668,4.465554237365723,0.15516963601112366,0.15297287702560425,0.003021722426638007,y
1,0.0022960903355851775,0.003165316069498658,15,0.17999999999999983,0.22999999999999976,63614,4.428493499755859,3.9620585441589355,0.20143795013427734,0.19872801005840302,0.003088532015681267,y
1,0.0022960903355851775,0.003165316069498658,16,0.22999999999999976,0.2799999999999998,388169,2.4258010387420654,2.3408684730529785,0.2703697085380554,0.2684999108314514,0.0029021005611866713,y
1,0.0022960903355851775,0.003165316069498658,17,0.2799999999999998,0.32999999999999985,3200523,1.814348578453064,2.1176302433013916,0.3224344253540039,0.32101717591285706,0.002676102565601468,y
1,0.0022960903355851775,0.003165316069498658,18,0.32999999999999985,0.3799999999999998,5596897,-2.5331597328186035,1.8449153900146484,0.3686824142932892,0.37123990058898926,0.0027377407532185316,y
1,0.0022960903355851775,0.003165316069498658,19,0.3799999999999998,0.4299999999999997,1930248,-2.474454164505005,1.3944108486175537,0.38316449522972107,0.3857220709323883,0.0026778194587677717,y
2,0.003165316069498658,0.003955895081162453,2,-0.47000000000000003,-0.42000000000000004,175,-1.7087641954421997,5.223479747772217,-0.4250485599040985,-0.4287126958370209,0.003759098704904318,y
2,0.003165316069498658,0.003955895081162453,3,-0.42000000000000004,-0.37000000000000005,1378230,-0.09907622635364532,2.759474277496338,-0.37960171699523926,-0.3797670602798462,0.0035282725002616644,y
2,0.003165316069498658,0.003955895081162453,4,-0.37000000000000005,-0.32000000000000006,588761,-0.8880098462104797,2.363110065460205,-0.3595215082168579,-0.36060670018196106,0.0036307889968156815,y
2,0.003165316069498658,0.003955895081162453,5,-0.32000000000000006,-0.2700000000000001,899587,0.45344361662864685,2.398329496383667,-0.28287768363952637,-0.28249698877334595,0.003487210487946868,y
2,0.003165316069498658,0.003955895081162453,6,-0.2700000000000001,-0.22000000000000008,1519141,-0.15133269131183624,2.7679755687713623,-0.2585179805755615,-0.25866690278053284,0.003515796270221472,y
2,0.003165316069498658,0.003955895081162453,7,-0.22000000000000008,-0.1700000000000001,104802,-0.10504487156867981,3.996445894241333,-0.20567239820957184,-0.20575767755508423,0.0038053866010159254,y
2,0.003165316069498658,0.003955895081162453,8,-0.1700000000000001,-0.1200000000000001,50750,-1.994065523147583,6.091940402984619,-0.14155878126621246,-0.1427079141139984,0.0038518961519002914,y
2,0.003165316069498658,0.003955895081162453,9,-0.1200000000000001,-0.07000000000000012,103225,-0.7394602298736572,8.280396461486816,-0.09146245568990707,-0.09178207814693451,0.0038443789817392826,y
2,0.003165316069498658,0.003955895081162453,10,-0.07000000000000012,-0.02000000000000013,211418,-0.5052260756492615,17.551067352294922,-0.0425686240196228,-0.042646605521440506,0.003783405525609851,y
2,0.003165316069498658,0.003955895081162453,11,-0.02000000000000013,0.029999999999999805,1449727,23.601699829101562,306.5221862792969,0.015114789828658104,0.013835543766617775,0.0035736425779759884,y
2,0.003165316069498658,0.003955895081162453,12,0.029999999999999805,0.07999999999999985,2313918,7.561714172363281,15.658949851989746,0.05742665007710457,0.05599549412727356,0.0035660606808960438,y
2,0.003165316069498658,0.003955895081162453,13,0.07999999999999985,0.1299999999999999,2021916,3.842801570892334,7.589847087860107,0.10531418025493622,0.1038975715637207,0.003642041701823473,y
2,0.003165316069498658,0.003955895081162453,14,0.1299999999999999,0.17999999999999983,1792903,3.7711377143859863,4.97971773147583,0.15711383521556854,0.1550353616476059,0.003652166575193405,y
2,0.003165316069498658,0.003955895081162453,15,0.17999999999999983,0.22999999999999976,1701860,3.043280601501465,3.6957786083221436,0.20631904900074005,0.20412494242191315,0.0036414088681340218,y
2,0.003165316069498658,0.003955895081162453,16,0.22999999999999976,0.2799999999999998,2139422,1.8793333768844604,2.694017171859741,0.2608018219470978,0.2590867280960083,0.003633945481851697,y
2,0.003165316069498658,0.003955895081162453,17,0.2799999999999998,0.32999999999999985,5322831,0.048808060586452484,2.7106876373291016,0.3106500506401062,0.31067705154418945,0.0035915744956582785,y
2,0.003165316069498658,0.003955895081162453,18,0.32999999999999985,0.3799999999999998,2340379,-1.7486215829849243,2.3110432624816895,0.35297784209251404,0.35512226819992065,0.0035233062226325274,y
2,0.003165316069498658,0.003955895081162453,19,0.3799999999999998,0.4299999999999997,137756,-1.462409496307373,2.5442609786987305,0.38475969433784485,0.38693320751190186,0.003543263766914606,y
3,0.003955895081162453,0.004567781928926706,1,-0.52,-0.47000000000000003,418,2.1670687198638916,1.4941473007202148,-0.48511573672294617,-0.48076990246772766,0.004435816314071417,y
3,0.003955895081162453,0.004567781928926706,2,-0.47000000000000003,-0.42000000000000004,4160,1.0073890686035156,1.9771122932434082,-0.4374556243419647,-0.4357447922229767,0.004372956231236458,y
3,0.003955895081162453,0.004567781928926706,3,-0.42000000000000004,-0.37000000000000005,785090,-0.4065728187561035,3.2148337364196777,-0.3812195360660553,-0.3819003105163574,0.0042510442435741425,y
3,0.003955895081162453,0.004567781928926706,4,-0.37000000000000005,-0.32000000000000006,1265793,-0.43118423223495483,2.273240089416504,-0.3487735092639923,-0.3494093120098114,0.004296159837394953,y
3,0.003955895081162453,0.004567781928926706,5,-0.32000000000000006,-0.2700000000000001,764292,0.1504935920238495,2.4908437728881836,-0.29207390546798706,-0.291923850774765,0.004312881268560886,y
3,0.003955895081162453,0.004567781928926706,6,-0.2700000000000001,-0.22000000000000008,1081491,-0.3139147162437439,3.1416330337524414,-0.24896982312202454,-0.24930565059185028,0.004283257760107517,y
3,0.003955895081162453,0.004567781928926706,7,-0.22000000000000008,-0.1700000000000001,687298,-0.25241634249687195,3.696000099182129,-0.1977122724056244,-0.19794607162475586,0.00431701447814703,y
3,0.003955895081162453,0.004567781928926706,8,-0.1700000000000001,-0.1200000000000001,523576,-1.295280933380127,4.979724407196045,-0.1435277909040451,-0.1443105936050415,0.004308377858251333,y
3,0.003955895081162453,0.004567781928926706,9,-0.1200000000000001,-0.07000000000000012,589541,-2.739732503890991,7.636127471923828,-0.0940997451543808,-0.0951157808303833,0.004281452391296625,y
3,0.003955895081162453,0.004567781928926706,10,-0.07000000000000012,-0.02000000000000013,640119,-3.372053623199463,18.780519485473633,-0.043580569326877594,-0.044103678315877914,0.004277824889868498,y
3,0.003955895081162453,0.004567781928926706,11,-0.02000000000000013,0.029999999999999805,1255452,6.6191511154174805,199.9268798828125,0.010557301342487335,0.009955215267837048,0.004258589819073677,y
3,0.003955895081162453,0.004567781928926706,12,0.029999999999999805,0.07999999999999985,1731907,2.6580822467803955,16.570653915405273,0.056593138724565506,0.05601012706756592,0.004255706910043955,y
3,0.003955895081162453,0.004567781928926706,13,0.07999999999999985,0.1299999999999999,2181970,1.7986360788345337,8.221647262573242,0.10616760700941086,0.10539541393518448,0.004252360202372074,y
3,0.003955895081162453,0.004567781928926706,14,0.1299999999999999,0.17999999999999983,2211031,1.4214409589767456,5.761563301086426,0.1557287871837616,0.1548772156238556,0.004255271051079035,y
3,0.003955895081162453,0.004567781928926706,15,0.17999999999999983,0.22999999999999976,2165066,0.9542624354362488,4.229631423950195,0.20574557781219482,0.2050163596868515,0.00426421919837594,y
3,0.003955895081162453,0.004567781928926706,16,0.22999999999999976,0.2799999999999998,2853796,0.6083036065101624,3.3576788902282715,0.25616589188575745,0.25561729073524475,0.004267476033419371,y
3,0.003955895081162453,0.004567781928926706,17,0.2799999999999998,0.32999999999999985,3838234,-0.4932411015033722,2.8992371559143066,0.30803340673446655,0.30868688225746155,0.004243105184286833,y
3,0.003955895081162453,0.004567781928926706,18,0.32999999999999985,0.3799999999999998,1297840,-1.390749454498291,2.662407398223877,0.34902021288871765,0.351111501455307,0.004250352270901203,y
3,0.003955895081162453,0.004567781928926706,19,0.3799999999999998,0.4299999999999997,195774,-0.6019077897071838,2.049025774002075,0.3870879113674164,0.38824379444122314,0.004296804778277874,y
3,0.003955895081162453,0.004567781928926706,20,0.4299999999999997,0.47999999999999976,3913,0.014050094410777092,1.364258050918579,0.445952445268631,0.44582390785217285,0.004458836279809475,y
3,0.003955895081162453,0.004567781928926706,21,0.47999999999999976,0.5299999999999998,43,1.7504271268844604,1.5013116598129272,0.4954656958580017,0.49205660820007324,0.004488562233746052,y
4,0.004567781928926706,0.005177868530154228,1,-0.52,-0.47000000000000003,3887,1.3762893676757812,1.533523440361023,-0.48524209856987,-0.4820480942726135,0.004960963036864996,y
4,0.004567781928926706,0.005177868530154228,2,-0.47000000000000003,-0.42000000000000004,19570,0.7403620481491089,1.6792737245559692,-0.4425383508205414,-0.4409624934196472,0.004932002630084753,y
4,0.004567781928926706,0.005177868530154228,3,-0.42000000000000004,-0.37000000000000005,605153,-0.45773184299468994,3.9141266345977783,-0.3818306028842926,-0.3827257752418518,0.004857842344790697,y
4,0.004567781928926706,0.005177868530154228,4,-0.37000000000000005,-0.32000000000000006,1433380,-0.45435306429862976,2.1562135219573975,-0.34322112798690796,-0.3439778685569763,0.004857011139392853,y
4,0.004567781928926706,0.005177868530154228,5,-0.32000000000000006,-0.2700000000000001,1297176,-0.15214495360851288,2.51525616645813,-0.29494938254356384,-0.2952292561531067,0.004878357518464327,y
4,0.004567781928926706,0.005177868530154228,6,-0.2700000000000001,-0.22000000000000008,1343027,-0.04517480731010437,3.3045613765716553,-0.24709750711917877,-0.2471255660057068,0.004870405420660973,y
4,0.004567781928926706,0.005177868530154228,7,-0.22000000000000008,-0.1700000000000001,1245725,0.11124473810195923,3.5958170890808105,-0.19502270221710205,-0.19488808512687683,0.004879095125943422,y
4,0.004567781928926706,0.005177868530154228,8,-0.1700000000000001,-0.1200000000000001,1046603,0.24471908807754517,4.703240394592285,-0.14553982019424438,-0.14533942937850952,0.004890589043498039,y
4,0.004567781928926706,0.005177868530154228,9,-0.1200000000000001,-0.07000000000000012,999990,0.391924649477005,7.437413692474365,-0.09532757848501205,-0.0951228141784668,0.004887919872999191,y
4,0.004567781928926706,0.005177868530154228,10,-0.07000000000000012,-0.02000000000000013,1006921,4.2742438316345215,19.648666381835938,-0.04611051455140114,-0.045204754918813705,0.004885428585112095,y
4,0.004567781928926706,0.005177868530154228,11,-0.02000000000000013,0.029999999999999805,1211245,0.5101367235183716,246.58851623535156,0.007185763213783503,0.00788843259215355,0.004871969111263752,y
4,0.004567781928926706,0.005177868530154228,12,0.029999999999999805,0.07999999999999985,1569191,-2.6214592456817627,17.438762664794922,0.055064767599105835,0.05570922791957855,0.004866581875830889,y
4,0.004567781928926706,0.005177868530154228,13,0.07999999999999985,0.1299999999999999,1889040,-1.0066578388214111,8.74333381652832,0.10493446886539459,0.10536623746156693,0.00486304285004735,y
4,0.004567781928926706,0.005177868530154228,14,0.1299999999999999,0.17999999999999983,1910697,-0.7017049193382263,6.123405933380127,0.15454676747322083,0.15505002439022064,0.004865586757659912,y
4,0.004567781928926706,0.005177868530154228,15,0.17999999999999983,0.22999999999999976,1961734,-0.77338045835495,4.690210342407227,0.20458807051181793,0.2053825855255127,0.004862483125180006,y
4,0.004567781928926706,0.005177868530154228,16,0.22999999999999976,0.2799999999999998,2540245,0.05732884258031845,3.5552122592926025,0.25468307733535767,0.2547014355659485,0.004864303860813379,y
4,0.004567781928926706,0.005177868530154228,17,0.2799999999999998,0.32999999999999985,2572892,-0.43274542689323425,3.026231050491333,0.30593472719192505,0.30663928389549255,0.0048599704168736935,y
4,0.004567781928926706,0.005177868530154228,18,0.32999999999999985,0.3799999999999998,1086301,-1.1620677709579468,2.6170012950897217,0.35185718536376953,0.35390621423721313,0.0048684775829315186,y
4,0.004567781928926706,0.005177868530154228,19,0.3799999999999998,0.4299999999999997,285604,-0.3826451599597931,2.1757776737213135,0.3892706334590912,0.3900977075099945,0.004880333319306374,y
4,0.004567781928926706,0.005177868530154228,20,0.4299999999999997,0.47999999999999976,46408,0.04176417738199234,1.3229864835739136,0.4487214684486389,0.4485383927822113,0.004928831942379475,y
4,0.004567781928926706,0.005177868530154228,21,0.47999999999999976,0.5299999999999998,1991,1.4069288969039917,1.3623727560043335,0.4975172281265259,0.4942837953567505,0.004998088348656893,y
4,0.004567781928926706,0.005177868530154228,22,0.5299999999999998,0.5799999999999996,20,1.1632983684539795,0.8426066040992737,0.5383909940719604,0.535140872001648,0.0050416248850524426,y
5,0.005177868530154228,0.005880193319171667,0,-inf,-0.52,83,1.6380486488342285,0.704891562461853,-0.5295851826667786,-0.5246431231498718,0.005680577363818884,y
5,0.005177868530154228,0.005880193319171667,1,-0.52,-0.47000000000000003,17193,0.9338215589523315,1.4190541505813599,-0.48666882514953613,-0.4841578006744385,0.005587913561612368,y
5,0.005177868530154228,0.005880193319171667,2,-0.47000000000000003,-0.42000000000000004,57958,0.4316823184490204,1.5823699235916138,-0.4443087875843048,-0.443253755569458,0.005564275197684765,y
5,0.005177868530154228,0.005880193319171667,3,-0.42000000000000004,-0.37000000000000005,509860,-0.3456289768218994,3.650069236755371,-0.38311055302619934,-0.38388094305992126,0.005511517636477947,y
5,0.005177868530154228,0.005880193319171667,4,-0.37000000000000005,-0.32000000000000006,1065604,-0.47672638297080994,2.2997629642486572,-0.3428623080253601,-0.3437690734863281,0.005502471700310707,y
5,0.005177868530154228,0.005880193319171667,5,-0.32000000000000006,-0.2700000000000001,1235337,-0.5080021619796753,2.706512689590454,-0.29347482323646545,-0.2942999601364136,0.005502094514667988,y
5,0.005177868530154228,0.005880193319171667,6,-0.2700000000000001,-0.22000000000000008,1383724,-0.29284241795539856,3.65993070602417,-0.2461162954568863,-0.2464670091867447,0.005521377548575401,y
5,0.005177868530154228,0.005880193319171667,7,-0.22000000000000008,-0.1700000000000001,1362235,-0.06766066700220108,3.9536921977996826,-0.1938813030719757,-0.19392895698547363,0.005525840912014246,y
5,0.005177868530154228,0.005880193319171667,8,-0.1700000000000001,-0.1200000000000001,1443603,0.7478456497192383,5.001418590545654,-0.1461598426103592,-0.14556051790714264,0.0055389744229614735,y
5,0.005177868530154228,0.005880193319171667,9,-0.1200000000000001,-0.07000000000000012,1282830,1.6176561117172241,7.962160110473633,-0.09607142955064774,-0.09524521976709366,0.005540657322853804,y
5,0.005177868530154228,0.005880193319171667,10,-0.07000000000000012,-0.02000000000000013,1228074,6.395753383636475,20.521440505981445,-0.046462297439575195,-0.04499576985836029,0.005536226090043783,y
5,0.005177868530154228,0.005880193319171667,11,-0.02000000000000013,0.029999999999999805,1369668,-2.1282713413238525,222.460693359375,0.0053787450306117535,0.006863913964480162,0.0055295624770224094,y
5,0.005177868530154228,0.005880193319171667,12,0.029999999999999805,0.07999999999999985,1626823,-5.153275489807129,17.624683380126953,0.05382436886429787,0.055266715586185455,0.005520777311176062,y
5,0.005177868530154228,0.005880193319171667,13,0.07999999999999985,0.1299999999999999,1776543,-2.240246057510376,8.97095775604248,0.10411040484905243,0.10532384365797043,0.005511596333235502,y
5,0.005177868530154228,0.005880193319171667,14,0.1299999999999999,0.17999999999999983,1774975,-1.4720616340637207,6.1520795822143555,0.1533767431974411,0.15457531809806824,0.005509159993380308,y
5,0.005177868530154228,0.005880193319171667,15,0.17999999999999983,0.22999999999999976,1734904,-1.5331284999847412,4.697845458984375,0.20416367053985596,0.2058345526456833,0.0055135996080935,y
5,0.005177868530154228,0.005880193319171667,16,0.22999999999999976,0.2799999999999998,2387495,-0.28454655408859253,3.6812570095062256,0.2545523941516876,0.255012184381485,0.005512016825377941,y
5,0.005177868530154228,0.005880193319171667,17,0.2799999999999998,0.32999999999999985,2271313,-0.6817966103553772,3.0507102012634277,0.3044518530368805,0.3056219220161438,0.005507239140570164,y
5,0.005177868530154228,0.005880193319171667,18,0.32999999999999985,0.3799999999999998,1054100,-1.0913646221160889,2.601346969604492,0.3528324067592621,0.35497260093688965,0.0055152662098407745,y
5,0.005177868530154228,0.005880193319171667,19,0.3799999999999998,0.4299999999999997,363775,-0.2573859989643097,2.3283302783966064,0.3940092623233795,0.3946656584739685,0.005537749733775854,y
5,0.005177868530154228,0.005880193319171667,20,0.4299999999999997,0.47999999999999976,114818,0.039875928312540054,1.3651798963546753,0.45142441987991333,0.4512823522090912,0.0055704847909510136,y
5,0.005177868530154228,0.005880193319171667,21,0.47999999999999976,0.5299999999999998,15463,0.865488588809967,1.2527880668640137,0.4970797002315521,0.49468812346458435,0.005606269463896751,y
5,0.005177868530154228,0.005880193319171667,22,0.5299999999999998,0.5799999999999996,430,1.4380970001220703,1.1311696767807007,0.5416110157966614,0.5374407768249512,0.005667898803949356,y
6,0.005880193319171667,0.00673078466206789,0,-inf,-0.52,957,1.40788733959198,0.896174967288971,-0.5318147540092468,-0.5270904302597046,0.006450920831412077,y
6,0.005880193319171667,0.00673078466206789,1,-0.52,-0.47000000000000003,45222,0.7016741037368774,1.288090705871582,-0.4897294044494629,-0.48757949471473694,0.006345422472804785,y
6,0.005880193319171667,0.00673078466206789,2,-0.47000000000000003,-0.42000000000000004,93005,0.21332301199436188,1.5394939184188843,-0.4448173940181732,-0.44418269395828247,0.00630289176478982,y
6,0.005880193319171667,0.00673078466206789,3,-0.42000000000000004,-0.37000000000000005,449763,-0.19807948172092438,3.8302788734436035,-0.384880006313324,-0.38540318608283997,0.00628175912424922,y
6,0.005880193319171667,0.00673078466206789,4,-0.37000000000000005,-0.32000000000000006,814577,-0.438690185546875,2.472032308578491,-0.3432450592517853,-0.34421390295028687,0.006272520869970322,y
6,0.005880193319171667,0.00673078466206789,5,-0.32000000000000006,-0.2700000000000001,1041889,-0.6219959259033203,2.688262462615967,-0.292844295501709,-0.29396259784698486,0.006276977248489857,y
6,0.005880193319171667,0.00673078466206789,6,-0.2700000000000001,-0.22000000000000008,1345000,-0.29575660824775696,3.3346500396728516,-0.24459807574748993,-0.2450280636548996,0.006285625509917736,y
6,0.005880193319171667,0.00673078466206789,7,-0.22000000000000008,-0.1700000000000001,1423695,-0.10699724406003952,3.941999673843384,-0.19449472427368164,-0.19463111460208893,0.006285513751208782,y
6,0.005880193319171667,0.00673078466206789,8,-0.1700000000000001,-0.1200000000000001,1541081,0.8252196311950684,5.234350204467773,-0.14569200575351715,-0.14496536552906036,0.006276977248489857,y
6,0.005880193319171667,0.00673078466206789,9,-0.1200000000000001,-0.07000000000000012,1558340,2.0899202823638916,8.272724151611328,-0.09625421464443207,-0.09506719559431076,0.006285171024501324,y
6,0.005880193319171667,0.00673078466206789,10,-0.07000000000000012,-0.02000000000000013,1500367,6.128753662109375,20.723737716674805,-0.046526502817869186,-0.044939592480659485,0.006279565393924713,y
6,0.005880193319171667,0.00673078466206789,11,-0.02000000000000013,0.029999999999999805,1485349,-2.050281286239624,211.30201721191406,0.004534417763352394,0.006133267655968666,0.0062873587012290955,y
6,0.005880193319171667,0.00673078466206789,12,0.029999999999999805,0.07999999999999985,1650084,-5.275138854980469,17.445356369018555,0.05330951511859894,0.05501452460885048,0.006294471211731434,y
6,0.005880193319171667,0.00673078466206789,13,0.07999999999999985,0.1299999999999999,1706616,-2.880143880844116,8.706997871398926,0.10352791100740433,0.105310820043087,0.006291061639785767,y
6,0.005880193319171667,0.00673078466206789,14,0.1299999999999999,0.17999999999999983,1755279,-2.072739601135254,5.853931903839111,0.15294994413852692,0.1548234075307846,0.0062928032130002975,y
6,0.005880193319171667,0.00673078466206789,15,0.17999999999999983,0.22999999999999976,1698457,-1.8669995069503784,4.424008369445801,0.2029697746038437,0.20521560311317444,0.006287155672907829,y
6,0.005880193319171667,0.00673078466206789,16,0.22999999999999976,0.2799999999999998,2209661,-0.4961308538913727,3.6086575984954834,0.2542058527469635,0.25496596097946167,0.006286093965172768,y
6,0.005880193319171667,0.00673078466206789,17,0.2799999999999998,0.32999999999999985,1960687,-0.7793188095092773,3.056753158569336,0.3037821650505066,0.3052479922771454,0.006283166352659464,y
6,0.005880193319171667,0.00673078466206789,18,0.32999999999999985,0.3799999999999998,987370,-1.001185655593872,2.6983978748321533,0.35270270705223083,0.3549253046512604,0.006286207120865583,y
6,0.005880193319171667,0.00673078466206789,19,0.3799999999999998,0.4299999999999997,520844,-0.2329845130443573,2.1912076473236084,0.39920759201049805,0.39984723925590515,0.0063135079108178616,y
6,0.005880193319171667,0.00673078466206789,20,0.4299999999999997,0.47999999999999976,236871,0.020844198763370514,1.330355167388916,0.4511187672615051,0.4510120451450348,0.006328543648123741,y
6,0.005880193319171667,0.00673078466206789,21,0.47999999999999976,0.5299999999999998,48372,0.6125997304916382,1.1752275228500366,0.49801191687583923,0.4960925281047821,0.006350866053253412,y
6,0.005880193319171667,0.00673078466206789,22,0.5299999999999998,0.5799999999999996,3309,1.1267715692520142,1.2416603565216064,0.5438441038131714,0.5399770736694336,0.006405689287930727,y
7,0.00673078466206789,0.008082034066319466,0,-inf,-0.52,13957,0.891365647315979,0.9794060587882996,-0.5333883762359619,-0.5298340916633606,0.007628562394529581,y
7,0.00673078466206789,0.008082034066319466,1,-0.52,-0.47000000000000003,106298,0.4986218810081482,1.199558973312378,-0.49470260739326477,-0.4928986132144928,0.007429017685353756,y
7,0.00673078466206789,0.008082034066319466,2,-0.47000000000000003,-0.42000000000000004,118210,0.20001542568206787,1.5309821367263794,-0.4460431933403015,-0.44531795382499695,0.007362836040556431,y
7,0.00673078466206789,0.008082034066319466,3,-0.42000000000000004,-0.37000000000000005,449614,-0.06459666043519974,3.5286200046539307,-0.38594216108322144,-0.3860965371131897,0.007342076860368252,y
7,0.00673078466206789,0.008082034066319466,4,-0.37000000000000005,-0.32000000000000006,776886,-0.3398660123348236,2.712308406829834,-0.34376102685928345,-0.3446861207485199,0.007340709213167429,y
7,0.00673078466206789,0.008082034066319466,5,-0.32000000000000006,-0.2700000000000001,993724,-0.5872974991798401,2.893913745880127,-0.29201990365982056,-0.29324617981910706,0.007330555003136396,y
7,0.00673078466206789,0.008082034066319466,6,-0.2700000000000001,-0.22000000000000008,1345996,-0.13826680183410645,3.476533889770508,-0.24455268681049347,-0.24479064345359802,0.0073195556178689,y
7,0.00673078466206789,0.008082034066319466,7,-0.22000000000000008,-0.1700000000000001,1412415,0.2092059999704361,4.07346773147583,-0.1951752007007599,-0.1949082762002945,0.0073158773593604565,y
7,0.00673078466206789,0.008082034066319466,8,-0.1700000000000001,-0.1200000000000001,1468440,0.888490617275238,5.563836574554443,-0.14576096832752228,-0.14485123753547668,0.007322637364268303,y
7,0.00673078466206789,0.008082034066319466,9,-0.1200000000000001,-0.07000000000000012,1503577,1.7477946281433105,8.936229705810547,-0.09623057395219803,-0.09508003294467926,0.007323834579437971,y
7,0.00673078466206789,0.008082034066319466,10,-0.07000000000000012,-0.02000000000000013,1430065,5.368488788604736,22.208816528320312,-0.046518679708242416,-0.04491093009710312,0.00732648279517889,y
7,0.00673078466206789,0.008082034066319466,11,-0.02000000000000013,0.029999999999999805,1472446,-1.1778357028961182,231.79676818847656,0.004691955633461475,0.006201551295816898,0.007328730542212725,y
7,0.00673078466206789,0.008082034066319466,12,0.029999999999999805,0.07999999999999985,1643419,-4.225735187530518,17.976869583129883,0.0533294640481472,0.05490655452013016,0.007324218284338713,y
7,0.00673078466206789,0.008082034066319466,13,0.07999999999999985,0.1299999999999999,1592536,-2.4815077781677246,8.93575668334961,0.10301815718412399,0.10479413717985153,0.0073144626803696156,y
7,0.00673078466206789,0.008082034066319466,14,0.1299999999999999,0.17999999999999983,1534997,-1.6657437086105347,6.0446929931640625,0.15319113433361053,0.15492737293243408,0.0073103755712509155,y
7,0.00673078466206789,0.008082034066319466,15,0.17999999999999983,0.22999999999999976,1539993,-1.557471752166748,4.470831871032715,0.2031196802854538,0.2052754908800125,0.007315593771636486,y
7,0.00673078466206789,0.008082034066319466,16,0.22999999999999976,0.2799999999999998,2292708,-0.5298616290092468,3.586696147918701,0.2545831799507141,0.25551605224609375,0.007337754592299461,y
7,0.00673078466206789,0.008082034066319466,17,0.2799999999999998,0.32999999999999985,2097538,-0.9221563339233398,3.0923051834106445,0.3026178479194641,0.3046312928199768,0.007356167770922184,y
7,0.00673078466206789,0.008082034066319466,18,0.32999999999999985,0.3799999999999998,1045820,-0.9370360970497131,2.835566997528076,0.3524065315723419,0.3548765480518341,0.00733749708160758,y
7,0.00673078466206789,0.008082034066319466,19,0.3799999999999998,0.4299999999999997,691299,-0.16780196130275726,2.1268670558929443,0.40116798877716064,0.40165063738822937,0.0073417481034994125,y
7,0.00673078466206789,0.008082034066319466,20,0.4299999999999997,0.47999999999999976,410061,0.045296892523765564,1.3237030506134033,0.4529813230037689,0.45276936888694763,0.007388734258711338,y
7,0.00673078466206789,0.008082034066319466,21,0.47999999999999976,0.5299999999999998,120419,0.4953412413597107,1.1578463315963745,0.4992278218269348,0.4974336326122284,0.00743990670889616,y
7,0.00673078466206789,0.008082034066319466,22,0.5299999999999998,0.5799999999999996,16390,0.7654047012329102,1.1373201608657837,0.5446459054946899,0.5414558053016663,0.007511941250413656,y
8,0.008082034066319466,0.011798867117613548,0,-inf,-0.52,194237,0.3476080000400543,0.9372854232788086,-0.5431020259857178,-0.5412137508392334,0.010156698524951935,y
8,0.008082034066319466,0.011798867117613548,1,-0.52,-0.47000000000000003,204644,0.31293436884880066,1.1324604749679565,-0.498698890209198,-0.497182160615921,0.009597285650670528,y
8,0.008082034066319466,0.011798867117613548,2,-0.47000000000000003,-0.42000000000000004,145505,0.29344987869262695,1.562676191329956,-0.4469182789325714,-0.44558951258659363,0.009551898576319218,y
8,0.008082034066319466,0.011798867117613548,3,-0.42000000000000004,-0.37000000000000005,543395,0.065548375248909,3.7547643184661865,-0.3876239061355591,-0.3873056471347809,0.009610744193196297,y
8,0.008082034066319466,0.011798867117613548,4,-0.37000000000000005,-0.32000000000000006,885797,-0.2573796212673187,2.9754157066345215,-0.34367576241493225,-0.34471264481544495,0.00957694835960865,y
8,0.008082034066319466,0.011798867117613548,5,-0.32000000000000006,-0.2700000000000001,1019893,-0.45264574885368347,3.303380250930786,-0.29242637753486633,-0.2936687171459198,0.009551865980029106,y
8,0.008082034066319466,0.011798867117613548,6,-0.2700000000000001,-0.22000000000000008,1132798,-0.029543166980147362,4.127048969268799,-0.24552032351493835,-0.24553091824054718,0.009492987766861916,y
8,0.008082034066319466,0.011798867117613548,7,-0.22000000000000008,-0.1700000000000001,1177817,0.352532297372818,4.496414661407471,-0.1953190714120865,-0.19469431042671204,0.009484697133302689,y
8,0.008082034066319466,0.011798867117613548,8,-0.1700000000000001,-0.1200000000000001,1251889,0.7481468915939331,6.150435447692871,-0.14572812616825104,-0.1447642594575882,0.00949133187532425,y
8,0.008082034066319466,0.011798867117613548,9,-0.1200000000000001,-0.07000000000000012,1311781,1.2634023427963257,9.753433227539062,-0.09594233334064484,-0.09491509199142456,0.009492634795606136,y
8,0.008082034066319466,0.011798867117613548,10,-0.07000000000000012,-0.02000000000000013,1329699,3.7823143005371094,24.300918579101562,-0.04603409022092819,-0.04462789371609688,0.009502023458480835,y
8,0.008082034066319466,0.011798867117613548,11,-0.02000000000000013,0.029999999999999805,1467744,0.16879992187023163,240.10748291015625,0.005231302697211504,0.0064172702841460705,0.009519689716398716,y
8,0.008082034066319466,0.011798867117613548,12,0.029999999999999805,0.07999999999999985,1643103,-2.4825170040130615,19.03919219970703,0.05348312482237816,0.05466381832957268,0.009532514959573746,y
8,0.008082034066319466,0.011798867117613548,13,0.07999999999999985,0.1299999999999999,1521365,-1.3702629804611206,9.256691932678223,0.10356008261442184,0.10485032945871353,0.009535802528262138,y
8,0.008082034066319466,0.011798867117613548,14,0.1299999999999999,0.17999999999999983,1483422,-0.8857511281967163,6.267547130584717,0.15360714495182037,0.1547802984714508,0.009551484137773514,y
8,0.008082034066319466,0.011798867117613548,15,0.17999999999999983,0.22999999999999976,1454770,-0.7157718539237976,4.639136791229248,0.20423460006713867,0.20549553632736206,0.009547252207994461,y
8,0.008082034066319466,0.011798867117613548,16,0.22999999999999976,0.2799999999999998,2434259,0.07388390600681305,3.530256748199463,0.2551226019859314,0.2549954652786255,0.00958337727934122,y
8,0.008082034066319466,0.011798867117613548,17,0.2799999999999998,0.32999999999999985,2150681,-0.5743377208709717,3.3317153453826904,0.3036822974681854,0.3053737282752991,0.009526778943836689,y
8,0.008082034066319466,0.011798867117613548,18,0.32999999999999985,0.3799999999999998,1050185,-0.6553083658218384,3.1417384147644043,0.3519528806209564,0.35433441400527954,0.009533022530376911,y
8,0.008082034066319466,0.011798867117613548,19,0.3799999999999998,0.4299999999999997,717137,-0.0027213385328650475,2.434727668762207,0.4025314748287201,0.402488648891449,0.009533955715596676,y
8,0.008082034066319466,0.011798867117613548,20,0.4299999999999997,0.47999999999999976,553595,0.08851681649684906,1.4304176568984985,0.45676615834236145,0.45620906352996826,0.009523767046630383,y
8,0.008082034066319466,0.011798867117613548,21,0.47999999999999976,0.5299999999999998,339077,0.30269262194633484,1.171684980392456,0.49906834959983826,0.4976017475128174,0.009810912422835827,y
8,0.008082034066319466,0.011798867117613548,22,0.5299999999999998,0.5799999999999996,64015,0.6202917098999023,1.0190647840499878,0.5459843873977661,0.5426678657531738,0.009790194220840931,y
9,0.011798867117613548,76.42724609375,0,-inf,-0.52,430722,0.17576733231544495,0.891602098941803,-0.5610029101371765,-0.5578183531761169,0.05689758062362671,y
9,0.011798867117613548,76.42724609375,1,-0.52,-0.47000000000000003,223939,0.39893242716789246,1.3348777294158936,-0.5045797824859619,-0.49571752548217773,0.08776305615901947,y
9,0.011798867117613548,76.42724609375,2,-0.47000000000000003,-0.42000000000000004,218788,0.538489818572998,1.7192848920822144,-0.45401373505592346,-0.4446268081665039,0.08880151808261871,y
9,0.011798867117613548,76.42724609375,3,-0.42000000000000004,-0.37000000000000005,592053,0.13731220364570618,3.527695417404175,-0.3899144232273102,-0.38908636569976807,0.045432835817337036,y
9,0.011798867117613548,76.42724609375,4,-0.37000000000000005,-0.32000000000000006,1017859,-0.0648258626461029,3.3315176963806152,-0.3401130437850952,-0.3442981243133545,0.04306149482727051,y
9,0.011798867117613548,76.42724609375,5,-0.32000000000000006,-0.2700000000000001,1134183,-0.33195483684539795,3.5511491298675537,-0.29147765040397644,-0.2941119372844696,0.043838974088430405,y
9,0.011798867117613548,76.42724609375,6,-0.2700000000000001,-0.22000000000000008,945627,-0.06967094540596008,4.574058532714844,-0.24459829926490784,-0.2464439570903778,0.04726424068212509,y
9,0.011798867117613548,76.42724609375,7,-0.22000000000000008,-0.1700000000000001,935644,0.189666286110878,5.085069179534912,-0.19394853711128235,-0.1946605145931244,0.05389121547341347,y
9,0.011798867117613548,76.42724609375,8,-0.1700000000000001,-0.1200000000000001,1012752,0.2294989824295044,6.782364368438721,-0.1444435566663742,-0.1447272151708603,0.048077188432216644,y
9,0.011798867117613548,76.42724609375,9,-0.1200000000000001,-0.07000000000000012,1063598,-0.037806782871484756,10.737042427062988,-0.09430330991744995,-0.09484337270259857,0.048392076045274734,y
9,0.011798867117613548,76.42724609375,10,-0.07000000000000012,-0.02000000000000013,1124048,0.06143933907151222,26.434091567993164,-0.04473060369491577,-0.04455634579062462,0.04659150913357735,y
9,0.011798867117613548,76.42724609375,11,-0.02000000000000013,0.029999999999999805,1327660,2.6190249919891357,254.5554656982422,0.007870417088270187,0.006794269196689129,0.04253561049699783,y
9,0.011798867117613548,76.42724609375,12,0.029999999999999805,0.07999999999999985,1605196,-0.5114545226097107,19.443395614624023,0.05490545555949211,0.05488268658518791,0.041520580649375916,y
9,0.011798867117613548,76.42724609375,13,0.07999999999999985,0.1299999999999999,1537189,-0.2606581449508667,9.656681060791016,0.10454791784286499,0.10494281351566315,0.04289350286126137,y
9,0.011798867117613548,76.42724609375,14,0.1299999999999999,0.17999999999999983,1562893,-0.15055055916309357,6.342166900634766,0.15451201796531677,0.15509606897830963,0.043590277433395386,y
9,0.011798867117613548,76.42724609375,15,0.17999999999999983,0.22999999999999976,1667009,-0.0891483873128891,4.644543647766113,0.20440834760665894,0.2059042602777481,0.04550287127494812,y
9,0.011798867117613548,76.42724609375,16,0.22999999999999976,0.2799999999999998,2964622,0.18145839869976044,3.3011322021484375,0.25396105647087097,0.25480514764785767,0.041687432676553726,y
9,0.011798867117613548,76.42724609375,17,0.2799999999999998,0.32999999999999985,2089536,-0.24955148994922638,3.5074267387390137,0.3007199466228485,0.30497148633003235,0.03541724756360054,y
9,0.011798867117613548,76.42724609375,18,0.32999999999999985,0.3799999999999998,1099189,-0.3585662841796875,3.493124008178711,0.34793439507484436,0.35304221510887146,0.035824429243803024,y
9,0.011798867117613548,76.42724609375,19,0.3799999999999998,0.4299999999999997,706804,0.1664615124464035,2.7520389556884766,0.4044418931007385,0.4036926329135895,0.038636013865470886,y
9,0.011798867117613548,76.42724609375,20,0.4299999999999997,0.47999999999999976,454099,0.3895784020423889,1.6143550872802734,0.45862969756126404,0.4536527991294861,0.04149246960878372,y
9,0.011798867117613548,76.42724609375,21,0.47999999999999976,0.5299999999999998,314809,0.28317639231681824,1.3296006917953491,0.5017526745796204,0.4987727701663971,0.0302349291741848,y
9,0.011798867117613548,76.42724609375,22,0.5299999999999998,0.5799999999999996,48208,0.4432935416698456,1.493804931640625,0.5451894402503967,0.5435389876365662,0.03240985423326492,y
9,0.011798867117613548,76.42724609375,23,0.5799999999999996,inf,375,-0.5166380405426025,0.7591742873191833,0.5262913107872009,0.5961408615112305,0.29650914669036865,y
0,0.0004719566786661744,0.0022960880305618048,0,-inf,0.0,3966473,-410.0712585449219,530.6436767578125,-0.07507326453924179,-0.07546841353178024,0.000987473875284195,z
0,0.0004719566786661744,0.0022960880305618048,1,0.0,0.05,2212849,281.4167785644531,658.2542724609375,0.0030930854845792055,0.0023141095880419016,0.0014369252603501081,z
0,0.0004719566786661744,0.0022960880305618048,2,0.05,0.1,71,6.352208137512207,14.14332103729248,0.05917657911777496,0.058406535536050797,0.0022429493255913258,z
0,0.0004719566786661744,0.0022960880305618048,3,0.1,0.15000000000000002,7,8.037039756774902,2.098618984222412,0.11302927881479263,0.11101097613573074,0.002282669534906745,z
0,0.0004719566786661744,0.0022960880305618048,6,0.25,0.30000000000000004,58209,2.900074005126953,1.9457157850265503,0.2819114327430725,0.28023722767829895,0.0020612990483641624,z
0,0.0004719566786661744,0.0022960880305618048,7,0.30000000000000004,0.35000000000000003,17705163,2.139392614364624,1.4057666063308716,0.3287741541862488,0.32740989327430725,0.0019654168281704187,z
0,0.0004719566786661744,0.0022960880305618048,8,0.35000000000000003,inf,133945,-2.5311124324798584,1.7852729558944702,0.3704613745212555,0.37259793281555176,0.0022398168221116066,z
1,0.0022960880305618048,0.003165313508361578,0,-inf,0.0,10503661,0.11886882036924362,54.47469711303711,-0.33463242650032043,-0.33451342582702637,0.0026936561334878206,z
1,0.0022960880305618048,0.003165313508361578,1,0.0,0.05,1539958,31.005245208740234,339.1082763671875,0.022090289741754532,0.02070392109453678,0.0028328541666269302,z
1,0.0022960880305618048,0.003165313508361578,2,0.05,0.1,519685,7.015679836273193,11.95288372039795,0.07034946233034134,0.06895105540752411,0.0029729160014539957,z
1,0.0022960880305618048,0.003165313508361578,3,0.1,0.15000000000000002,234886,5.3204545974731445,6.148876667022705,0.12512683868408203,0.12319023162126541,0.002989655826240778,z
1,0.0022960880305618048,0.003165313508361578,4,0.15000000000000002,0.2,136510,4.5652875900268555,4.018161296844482,0.172928124666214,0.1705700308084488,0.0030513706151396036,z
1,0.0022960880305618048,0.003165313508361578,5,0.2,0.25,46223,3.8638131618499756,3.3308186531066895,0.2276707887649536,0.224975124001503,0.0030830446630716324,z
1,0.0022960880305618048,0.003165313508361578,6,0.25,0.30000000000000004,655912,2.1337239742279053,2.2468011379241943,0.2797917127609253,0.2780947685241699,0.0028938103932887316,z
1,0.0022960880305618048,0.003165313508361578,7,0.30000000000000004,0.35000000000000003,3267217,1.4799245595932007,2.368798017501831,0.32641497254371643,0.32535043358802795,0.00268281321041286,z
1,0.0022960880305618048,0.003165313508361578,8,0.35000000000000003,inf,7172661,-2.5548861026763916,1.7140395641326904,0.3743399977684021,0.3769371211528778,0.002712805988267064,z
2,0.003165313508361578,0.003955863881856203,0,-inf,0.0,4969652,-0.13378649950027466,71.74774932861328,-0.28777381777763367,-0.2879566550254822,0.0035607556346803904,z
2,0.003165313508361578,0.003955863881856203,1,0.0,0.05,2176671,18.398582458496094,226.9058074951172,0.02667345106601715,0.02524423971772194,0.00355695397593081,z
2,0.003165313508361578,0.003955863881856203,2,0.05,0.1,2348525,5.223957061767578,10.888192176818848,0.07562299817800522,0.07428058236837387,0.0035944918636232615,z
2,0.003165313508361578,0.003955863881856203,3,0.1,0.15000000000000002,1863198,3.7653260231018066,6.269906520843506,0.12610496580600739,0.1244376078248024,0.0036545589100569487,z
2,0.003165313508361578,0.003955863881856203,4,0.15000000000000002,0.2,1799211,3.5772085189819336,4.396883010864258,0.17731213569641113,0.17509602010250092,0.003641768591478467,z
2,0.003165313508361578,0.003955863881856203,5,0.2,0.25,1556654,2.5465586185455322,3.279587745666504,0.22613555192947388,0.22411419451236725,0.003659396432340145,z
2,0.003165313508361578,0.003955863881856203,6,0.25,0.30000000000000004,2540543,1.7793457508087158,2.5169007778167725,0.2772129774093628,0.2755005359649658,0.0036138577852398157,z
2,0.003165313508361578,0.003955863881856203,7,0.30000000000000004,0.35000000000000003,5329455,-0.5615881681442261,2.562973737716675,0.31826692819595337,0.3189294934272766,0.0035841926001012325,z
2,0.003165313508361578,0.003955863881856203,8,0.35000000000000003,inf,1492817,-1.9169845581054688,2.5100462436676025,0.36877861618995667,0.37124091386795044,0.003494175150990486,z
3,0.003955863881856203,0.004567771218717098,0,-inf,0.0,6634252,-0.6774412393569946,51.32978820800781,-0.23093807697296143,-0.2314215451478958,0.00428983848541975,z
3,0.003955863881856203,0.004567771218717098,1,0.0,0.05,1608806,7.408066749572754,178.0976104736328,0.02640865184366703,0.02575495094060898,0.004254781175404787,z
3,0.003955863881856203,0.004567771218717098,2,0.05,0.1,1931772,1.9838603734970093,11.485058784484863,0.07694889605045319,0.07632727175951004,0.004253341816365719,z
3,0.003955863881856203,0.004567771218717098,3,0.1,0.15000000000000002,2227884,1.6960445642471313,6.9805450439453125,0.12589454650878906,0.12504860758781433,0.004252694547176361,z
3,0.003955863881856203,0.004567771218717098,4,0.15000000000000002,0.2,2184416,1.2150226831436157,5.133300304412842,0.17567965388298035,0.17487038671970367,0.004259265959262848,z
3,0.003955863881856203,0.004567771218717098,5,0.2,0.25,2372638,0.7963670492172241,3.732708215713501,0.22706721723079681,0.22641444206237793,0.004269035998731852,z
3,0.003955863881856203,0.004567771218717098,6,0.25,0.30000000000000004,2795601,0.4800556004047394,3.1828842163085938,0.2743762731552124,0.27393239736557007,0.004263159818947315,z
3,0.003955863881856203,0.004567771218717098,7,0.30000000000000004,0.35000000000000003,3479914,-0.9360824227333069,2.751314878463745,0.3183487057685852,0.31957197189331055,0.004238387569785118,z
3,0.003955863881856203,0.004567771218717098,8,0.35000000000000003,inf,841431,-1.0789082050323486,2.8135554790496826,0.36951181292533875,0.37132251262664795,0.004264887422323227,z
4,0.004567771218717098,0.005177889950573444,0,-inf,0.0,9369755,0.14814499020576477,48.95675277709961,-0.21236637234687805,-0.21237078309059143,0.004876092541962862,z
4,0.004567771218717098,0.005177889950573444,1,0.0,0.05,1440913,-5.661822319030762,184.03684997558594,0.025380853563547134,0.025919992476701736,0.004868078976869583,z
4,0.004567771218717098,0.005177889950573444,2,0.05,0.1,1705356,-1.891251802444458,12.108610153198242,0.07540765404701233,0.07601150870323181,0.0048646265640854836,z
4,0.004567771218717098,0.005177889950573444,3,0.1,0.15000000000000002,1918411,-0.7277408838272095,7.450385093688965,0.12457448244094849,0.12496078759431839,0.0048643844202160835,z
4,0.004567771218717098,0.005177889950573444,4,0.15000000000000002,0.2,1920160,-0.7532508969306946,5.485587120056152,0.17445163428783417,0.17507778108119965,0.004863355774432421,z
4,0.004567771218717098,0.005177889950573444,5,0.2,0.25,2226751,-0.5054153203964233,4.145224094390869,0.2261546105146408,0.22677159309387207,0.004864578600972891,z
4,0.004567771218717098,0.005177889950573444,6,0.25,0.30000000000000004,2352018,0.09049591422080994,3.287959575653076,0.2738094627857208,0.27378612756729126,0.004863441456109285,z
4,0.004567771218717098,0.005177889950573444,7,0.30000000000000004,0.35000000000000003,2199118,-0.7708135843276978,2.894491672515869,0.318693608045578,0.31992265582084656,0.004858532454818487,z
4,0.004567771218717098,0.005177889950573444,8,0.35000000000000003,inf,944238,-0.6850953698158264,2.545776128768921,0.3765864074230194,0.3779565095901489,0.004879191517829895,z
5,0.005177889950573444,0.005880245938897133,0,-inf,0.0,10049459,0.5467387437820435,50.834171295166016,-0.19491231441497803,-0.19473892450332642,0.005525051150470972,z
5,0.005177889950573444,0.005880245938897133,1,0.0,0.05,1544035,-12.290908813476562,183.7509765625,0.02441042847931385,0.02575163170695305,0.005524886306375265,z
5,0.005177889950573444,0.005880245938897133,2,0.05,0.1,1682620,-3.685774564743042,12.46307373046875,0.07399820536375046,0.07541089504957199,0.005516625940799713,z
5,0.005177889950573444,0.005880245938897133,3,0.1,0.15000000000000002,1813150,-1.7902017831802368,7.594450950622559,0.12392044067382812,0.12509046494960785,0.005509871989488602,z
5,0.005177889950573444,0.005880245938897133,4,0.15000000000000002,0.2,1703975,-1.4155775308609009,5.465118885040283,0.17322002351284027,0.17452514171600342,0.005510744173079729,z
5,0.005177889950573444,0.005880245938897133,5,0.2,0.25,2032688,-1.0492231845855713,4.232605934143066,0.2257324457168579,0.22702161967754364,0.00551333324983716,z
5,0.005177889950573444,0.005880245938897133,6,0.25,0.30000000000000004,2248702,-0.34561753273010254,3.395552635192871,0.27350059151649475,0.2740701735019684,0.0055109430104494095,z
5,0.005177889950573444,0.005880245938897133,7,0.30000000000000004,0.35000000000000003,1868279,-0.8828950524330139,2.9773643016815186,0.318345308303833,0.31991660594940186,0.005508233327418566,z
5,0.005177889950573444,0.005880245938897133,8,0.35000000000000003,inf,1133814,-0.5234554409980774,2.4952290058135986,0.38419297337532043,0.38536331057548523,0.005529013462364674,z
6,0.005880245938897133,0.006730751134455204,0,-inf,0.0,10351438,0.8413985371589661,49.853450775146484,-0.18151229619979858,-0.18117178976535797,0.006281628273427486,z
6,0.005880245938897133,0.006730751134455204,1,0.0,0.05,1606029,-12.10291576385498,178.4853515625,0.02410859428346157,0.025613076984882355,0.006291101686656475,z
6,0.005880245938897133,0.006730751134455204,2,0.05,0.1,1658588,-4.042832374572754,12.330286979675293,0.07325369119644165,0.07504699379205704,0.006294156424701214,z
6,0.005880245938897133,0.006730751134455204,3,0.1,0.15000000000000002,1749247,-2.4409472942352295,7.2821149826049805,0.12341386824846268,0.12520132958889008,0.006289983168244362,z
6,0.005880245938897133,0.006730751134455204,4,0.15000000000000002,0.2,1715729,-1.9650826454162598,5.160130023956299,0.1726798415184021,0.1746891885995865,0.00629470543935895,z
6,0.005880245938897133,0.006730751134455204,5,0.2,0.25,1915653,-1.296613335609436,4.059617519378662,0.2249402105808258,0.22666388750076294,0.006283157505095005,z
6,0.005880245938897133,0.006730751134455204,6,0.25,0.30000000000000004,2053271,-0.5159925818443298,3.320967674255371,0.27300336956977844,0.2738557755947113,0.006287381984293461,z
6,0.005880245938897133,0.006730751134455204,7,0.30000000000000004,0.35000000000000003,1621037,-0.9328363537788391,2.975085496902466,0.3185080289840698,0.3203600347042084,0.006281494162976742,z
6,0.005880245938897133,0.006730751134455204,8,0.35000000000000003,inf,1405729,-0.34328892827033997,2.3232269287109375,0.39647409319877625,0.39737290143966675,0.006306903436779976,z
7,0.006730751134455204,0.00808224081993103,0,-inf,0.0,10149473,0.7896596193313599,49.365501403808594,-0.18523934483528137,-0.18477828800678253,0.007327267900109291,z
7,0.006730751134455204,0.00808224081993103,1,0.0,0.05,1603361,-9.618265151977539,182.5786895751953,0.024293772876262665,0.02567828632891178,0.007328193634748459,z
7,0.006730751134455204,0.00808224081993103,2,0.05,0.1,1629046,-3.390267848968506,12.57900333404541,0.07315269112586975,0.07488539069890976,0.007320632692426443,z
7,0.006730751134455204,0.00808224081993103,3,0.1,0.15000000000000002,1563867,-2.014815330505371,7.537610054016113,0.12309369444847107,0.12480489164590836,0.007313210517168045,z
7,0.006730751134455204,0.00808224081993103,4,0.15000000000000002,0.2,1527718,-1.634077548980713,5.2877397537231445,0.17302383482456207,0.1749446988105774,0.007308958563953638,z
7,0.006730751134455204,0.00808224081993103,5,0.2,0.25,1812703,-1.0722676515579224,4.046053886413574,0.22570878267288208,0.22734591364860535,0.007327207829803228,z
7,0.006730751134455204,0.00808224081993103,6,0.25,0.30000000000000004,2237815,-0.679251492023468,3.2953901290893555,0.27306267619132996,0.2743668854236603,0.007346669211983681,z
7,0.006730751134455204,0.00808224081993103,7,0.30000000000000004,0.35000000000000003,1684982,-0.9629309177398682,3.0191752910614014,0.3182111978530884,0.3204634487628937,0.007351877633482218,z
7,0.006730751134455204,0.00808224081993103,8,0.35000000000000003,inf,1867749,-0.21853168308734894,2.2781729698181152,0.40733572840690613,0.40801113843917847,0.007357033435255289,z
8,0.00808224081993103,0.011799335479736328,0,-inf,0.0,9715940,0.5867053866386414,52.044456481933594,-0.2027484029531479,-0.2022506296634674,0.009530661627650261,z
8,0.00808224081993103,0.011799335479736328,1,0.0,0.05,1622053,-5.786216735839844,206.03604125976562,0.024732014164328575,0.02571701444685459,0.009529467672109604,z
8,0.00808224081993103,0.011799335479736328,2,0.05,0.1,1586493,-1.9514027833938599,13.232847213745117,0.07331304997205734,0.07461138069629669,0.009533705189824104,z
8,0.00808224081993103,0.011799335479736328,3,0.1,0.15000000000000002,1507210,-1.1096067428588867,7.731317043304443,0.12373869121074677,0.12497279793024063,0.009542085230350494,z
8,0.00808224081993103,0.011799335479736328,4,0.15000000000000002,0.2,1449694,-0.8117536306381226,5.545173168182373,0.17353899776935577,0.17472603917121887,0.009550191462039948,z
8,0.00808224081993103,0.011799335479736328,5,0.2,0.25,1858210,-0.3266344368457794,4.059127330780029,0.22778843343257904,0.22842103242874146,0.009570945985615253,z
8,0.00808224081993103,0.011799335479736328,6,0.25,0.30000000000000004,2263514,-0.08068791031837463,3.3105311393737793,0.27351289987564087,0.2738061845302582,0.009558377787470818,z
8,0.00808224081993103,0.011799335479736328,7,0.30000000000000004,0.35000000000000003,1786796,-0.6769521236419678,3.3069992065429688,0.31835484504699707,0.3204599916934967,0.009531931951642036,z
8,0.00808224081993103,0.011799335479736328,8,0.35000000000000003,inf,2286815,-0.015892494469881058,2.4811911582946777,0.42326709628105164,0.4233945608139038,0.009577015414834023,z
9,0.011799335479736328,58.35626220703125,0,-inf,0.0,9145170,0.027559733018279076,54.127784729003906,-0.22697579860687256,-0.22742095589637756,0.049319714307785034,z
9,0.011799335479736328,58.35626220703125,1,0.0,0.05,1526819,0.5381560921669006,201.9895477294922,0.02725951187312603,0.02595619671046734,0.04152688756585121,z
9,0.011799335479736328,58.35626220703125,2,0.05,0.1,1576375,-0.4780975878238678,13.68542194366455,0.07433611154556274,0.07471942156553268,0.04217563197016716,z
9,0.011799335479736328,58.35626220703125,3,0.1,0.15000000000000002,1539885,-0.1701786071062088,8.018932342529297,0.12481214106082916,0.1250992715358734,0.04336772859096527,z
9,0.011799335479736328,58.35626220703125,4,0.15000000000000002,0.2,1572880,-0.1577133983373642,5.565707206726074,0.17401064932346344,0.1750297099351883,0.044377271085977554,z
9,0.011799335479736328,58.35626220703125,5,0.2,0.25,2233225,0.07575079798698425,3.8987069129943848,0.22805169224739075,0.22907006740570068,0.043340783566236496,z
9,0.011799335479736328,58.35626220703125,6,0.25,0.30000000000000004,2584102,0.10300237685441971,3.2247743606567383,0.27043625712394714,0.2723788022994995,0.04065227508544922,z
9,0.011799335479736328,58.35626220703125,7,0.30000000000000004,0.35000000000000003,1773375,-0.3709763288497925,3.510833501815796,0.31691932678222656,0.32154422998428345,0.034257613122463226,z
9,0.011799335479736328,58.35626220703125,8,0.35000000000000003,inf,2124889,0.14627297222614288,2.757505178451538,0.42082810401916504,0.4205552637577057,0.03710239380598068,z
