group,run,uuid,enable,num_f,epochb,lrbl,lambdap,train_lr,note,sunlamp_angle_mean,sunlamp_angle_std,sunlamp_dist_mean,lightbox_angle_mean,lightbox_angle_std,lightbox_dist_mean,val_angle_mean,val_angle_std,val_dist_mean,common_config
baseline,e24d72fb_base,e24d72fb-b4d7-4c40-b00a-a4aa2f8213e8,-,-,-,-,-,1e-4,"原始模型,50ep,无微调",4.4662,9.8754,0.1139,3.6472,12.0366,0.0781,0.8746,2.0774,0.0248,"e24d72fb续训;coordinates_DER;vitl16;lora_r1;AdamW;batch16;augmix;10ep;seed42;presave_ratio=0.9;epochp=0;n_feature=16(1xbatch,k组全局记忆未实现);decay_pow=2;first_step_cons=1"
single_var,A_stable_default,[Stable Learning]f869fdd5-8846-443a-b75e-e15a63738e93,True,1,20,1.0,70.0,1e-4,官方默认,4.5817,11.1358,0.1362,3.7987,12.5340,0.0972,0.9554,2.0713,0.0546,"e24d72fb续训;coordinates_DER;vitl16;lora_r1;AdamW;batch16;augmix;10ep;seed42;presave_ratio=0.9;epochp=0;n_feature=16(1xbatch,k组全局记忆未实现);decay_pow=2;first_step_cons=1"
single_var,B_plain,b8752da5-ed2e-40e8-94fd-5a30c08be394,False,1,20,1.0,70.0,1e-4,plain对照(enable=False),4.5667,12.5009,0.1099,3.8693,14.3912,0.0752,0.8270,1.1747,0.0232,"e24d72fb续训;coordinates_DER;vitl16;lora_r1;AdamW;batch16;augmix;10ep;seed42;presave_ratio=0.9;epochp=0;n_feature=16(1xbatch,k组全局记忆未实现);decay_pow=2;first_step_cons=1"
single_var,C_lambdap40,e3aca5e2-b7c1-451d-bc73-96a1ae8a90a2,True,1,20,1.0,40.0,1e-4,lambdap 70→40,4.8384,11.8672,0.1141,4.1737,14.0597,0.0839,0.8975,1.9933,0.0271,"e24d72fb续训;coordinates_DER;vitl16;lora_r1;AdamW;batch16;augmix;10ep;seed42;presave_ratio=0.9;epochp=0;n_feature=16(1xbatch,k组全局记忆未实现);decay_pow=2;first_step_cons=1"
single_var,D_lambdap20,32319e4f-b39c-4b23-8ff1-540e460ec9d4,True,1,20,1.0,20.0,1e-4,lambdap 70→20,4.6419,11.8259,0.1414,3.4877,11.5283,0.0920,0.8454,2.5368,0.0539,"e24d72fb续训;coordinates_DER;vitl16;lora_r1;AdamW;batch16;augmix;10ep;seed42;presave_ratio=0.9;epochp=0;n_feature=16(1xbatch,k组全局记忆未实现);decay_pow=2;first_step_cons=1"
single_var,F_lrbl3,0de724f8-d3fd-42b7-a144-176ff752b29f,True,1,20,3.0,70.0,1e-4,lrbl 1.0→3.0,4.6957,11.4978,0.1217,3.9020,13.0198,0.0799,1.0207,2.2011,0.0266,"e24d72fb续训;coordinates_DER;vitl16;lora_r1;AdamW;batch16;augmix;10ep;seed42;presave_ratio=0.9;epochp=0;n_feature=16(1xbatch,k组全局记忆未实现);decay_pow=2;first_step_cons=1"
grid,"(3,20)",939e0f35-2070-4638-85d2-e9e539e51fa7,True,3,20,1.0,70.0,1e-4,,5.0100,13.2347,0.1425,4.0189,13.7764,0.0951,1.2769,1.5780,0.0576,"e24d72fb续训;coordinates_DER;vitl16;lora_r1;AdamW;batch16;augmix;10ep;seed42;presave_ratio=0.9;epochp=0;n_feature=16(1xbatch,k组全局记忆未实现);decay_pow=2;first_step_cons=1"
grid,"(3,30)=E",90e03184-e647-4932-a979-31b822f3bd85,True,3,30,1.0,70.0,1e-4,,4.0314,9.3348,0.1079,3.5428,13.0234,0.0726,1.0719,2.1298,0.0312,"e24d72fb续训;coordinates_DER;vitl16;lora_r1;AdamW;batch16;augmix;10ep;seed42;presave_ratio=0.9;epochp=0;n_feature=16(1xbatch,k组全局记忆未实现);decay_pow=2;first_step_cons=1"
grid,"(3,50)",dc101746-0f0d-40f3-b4dc-6d5ad00bfb97,True,3,50,1.0,70.0,1e-4,,5.4831,13.6857,0.1289,4.5302,15.5478,0.0948,1.0230,1.5606,0.0355,"e24d72fb续训;coordinates_DER;vitl16;lora_r1;AdamW;batch16;augmix;10ep;seed42;presave_ratio=0.9;epochp=0;n_feature=16(1xbatch,k组全局记忆未实现);decay_pow=2;first_step_cons=1"
grid,"(5,20)",f651cec9-9492-47c1-9d5b-798e33e438ae,True,5,20,1.0,70.0,1e-4,,5.3461,13.1869,0.1197,4.1572,14.8884,0.0828,0.8906,1.6302,0.0334,"e24d72fb续训;coordinates_DER;vitl16;lora_r1;AdamW;batch16;augmix;10ep;seed42;presave_ratio=0.9;epochp=0;n_feature=16(1xbatch,k组全局记忆未实现);decay_pow=2;first_step_cons=1"
grid,"(5,30)",792f8018-9124-4be8-a15c-83fc0231725f,True,5,30,1.0,70.0,1e-4,,5.0104,12.7479,0.1167,4.1334,14.4154,0.0871,0.9977,2.5149,0.0431,"e24d72fb续训;coordinates_DER;vitl16;lora_r1;AdamW;batch16;augmix;10ep;seed42;presave_ratio=0.9;epochp=0;n_feature=16(1xbatch,k组全局记忆未实现);decay_pow=2;first_step_cons=1"
grid,"(5,50)",d0f7d77d-d154-4c74-a57c-0fc97920863f,True,5,50,1.0,70.0,1e-4,,4.6812,11.6260,0.1321,3.9431,14.6763,0.0843,0.8327,2.0153,0.0384,"e24d72fb续训;coordinates_DER;vitl16;lora_r1;AdamW;batch16;augmix;10ep;seed42;presave_ratio=0.9;epochp=0;n_feature=16(1xbatch,k组全局记忆未实现);decay_pow=2;first_step_cons=1"
grid,"(10,20)",0198b01e-0763-4248-b89e-cac01f9061d1,True,10,20,1.0,70.0,1e-4,,5.4576,13.7319,0.1342,4.1649,14.3801,0.0851,0.9389,3.0001,0.0333,"e24d72fb续训;coordinates_DER;vitl16;lora_r1;AdamW;batch16;augmix;10ep;seed42;presave_ratio=0.9;epochp=0;n_feature=16(1xbatch,k组全局记忆未实现);decay_pow=2;first_step_cons=1"
grid,"(10,30)",ec0ad17a-c96e-4771-b547-cc3651eeb855,True,10,30,1.0,70.0,1e-4,,4.4424,11.0443,0.1189,3.5404,12.1174,0.0842,0.8547,1.9200,0.0260,"e24d72fb续训;coordinates_DER;vitl16;lora_r1;AdamW;batch16;augmix;10ep;seed42;presave_ratio=0.9;epochp=0;n_feature=16(1xbatch,k组全局记忆未实现);decay_pow=2;first_step_cons=1"
grid,"(10,50)",c8bae526-5c38-48c5-b1b1-341947486388,True,10,50,1.0,70.0,1e-4,,5.0833,13.2644,0.1134,4.3548,15.9781,0.0847,0.8688,1.4086,0.0352,"e24d72fb续训;coordinates_DER;vitl16;lora_r1;AdamW;batch16;augmix;10ep;seed42;presave_ratio=0.9;epochp=0;n_feature=16(1xbatch,k组全局记忆未实现);decay_pow=2;first_step_cons=1"
lr_sweep,E_lr1e-4,90e03184-e647-4932-a979-31b822f3bd85,True,3,30,1.0,70.0,1e-4,,4.0314,9.3348,0.1079,3.5428,13.0234,0.0726,1.0719,2.1298,0.0312,"e24d72fb续训;coordinates_DER;vitl16;lora_r1;AdamW;batch16;augmix;10ep;seed42;presave_ratio=0.9;epochp=0;n_feature=16(1xbatch,k组全局记忆未实现);decay_pow=2;first_step_cons=1"
lr_sweep,L1_lr5e-5,589510f6-cc5e-4e35-a6e3-4f6b0b3d6031,True,3,30,1.0,70.0,5e-5,,4.0347,8.6829,0.1119,3.3261,11.6826,0.0764,0.6939,1.9342,0.0270,"e24d72fb续训;coordinates_DER;vitl16;lora_r1;AdamW;batch16;augmix;10ep;seed42;presave_ratio=0.9;epochp=0;n_feature=16(1xbatch,k组全局记忆未实现);decay_pow=2;first_step_cons=1"
lr_sweep,L2_lr2e-5,61d0eb63-2931-4735-9e3e-56d5b63f9c91,True,3,30,1.0,70.0,2e-5,,4.0291,8.8292,0.1070,3.2008,11.1421,0.0693,0.6164,2.0810,0.0169,"e24d72fb续训;coordinates_DER;vitl16;lora_r1;AdamW;batch16;augmix;10ep;seed42;presave_ratio=0.9;epochp=0;n_feature=16(1xbatch,k组全局记忆未实现);decay_pow=2;first_step_cons=1"
lr_sweep,L3_lr1e-5,d58d5405-b8f4-4933-9f88-a0c0b7c18ce6,True,3,30,1.0,70.0,1e-5,,4.0138,9.3109,0.1094,3.0103,9.6532,0.0698,0.6077,1.8765,0.0225,"e24d72fb续训;coordinates_DER;vitl16;lora_r1;AdamW;batch16;augmix;10ep;seed42;presave_ratio=0.9;epochp=0;n_feature=16(1xbatch,k组全局记忆未实现);decay_pow=2;first_step_cons=1"
lr_sweep,L4_lr5e-6,2f7e66b1-e0d3-4735-a515-71c8e7c39393,True,3,30,1.0,70.0,5e-6,,4.1208,9.9764,0.1114,3.2522,11.2631,0.0711,0.6032,1.9729,0.0198,"e24d72fb续训;coordinates_DER;vitl16;lora_r1;AdamW;batch16;augmix;10ep;seed42;presave_ratio=0.9;epochp=0;n_feature=16(1xbatch,k组全局记忆未实现);decay_pow=2;first_step_cons=1"
lr_sweep,L5_lr2e-6,443c397c-0f9e-49bb-a34a-f87a66a29382,True,3,30,1.0,70.0,2e-6,,3.8378,8.2197,0.1099,3.3102,11.7321,0.0705,0.6112,2.0128,0.0188,"e24d72fb续训;coordinates_DER;vitl16;lora_r1;AdamW;batch16;augmix;10ep;seed42;presave_ratio=0.9;epochp=0;n_feature=16(1xbatch,k组全局记忆未实现);decay_pow=2;first_step_cons=1"
lr_sweep,L6_lr1e-6,ea82fb54-153d-4c37-a774-175e3114423a,True,3,30,1.0,70.0,1e-6,,3.8615,8.3903,0.1083,3.2882,11.4624,0.0699,0.6200,1.9894,0.0178,"e24d72fb续训;coordinates_DER;vitl16;lora_r1;AdamW;batch16;augmix;10ep;seed42;presave_ratio=0.9;epochp=0;n_feature=16(1xbatch,k组全局记忆未实现);decay_pow=2;first_step_cons=1"
lr_sweep,L7_lr5e-7,8f55f1dd-4103-432b-85c7-7b3431bfb89a,True,3,30,1.0,70.0,5e-7,,4.0918,9.5922,0.1097,3.2601,10.9354,0.0702,0.6201,2.0205,0.0174,"e24d72fb续训;coordinates_DER;vitl16;lora_r1;AdamW;batch16;augmix;10ep;seed42;presave_ratio=0.9;epochp=0;n_feature=16(1xbatch,k组全局记忆未实现);decay_pow=2;first_step_cons=1"
lr_sweep,L8_lr2e-7,6a45dd00-d669-47b3-b71c-738fdc73d9c3,True,3,30,1.0,70.0,2e-7,,4.1137,9.3869,0.1112,3.4846,11.7396,0.0740,0.6308,1.9671,0.0176,"e24d72fb续训;coordinates_DER;vitl16;lora_r1;AdamW;batch16;augmix;10ep;seed42;presave_ratio=0.9;epochp=0;n_feature=16(1xbatch,k组全局记忆未实现);decay_pow=2;first_step_cons=1"
lr_sweep,L9_lr1e-7,bc436b9f-19e0-4417-aa3f-ad345c02d884,True,3,30,1.0,70.0,1e-7,,4.2403,10.1210,0.1128,3.3337,11.0419,0.0728,0.6450,2.0373,0.0176,"e24d72fb续训;coordinates_DER;vitl16;lora_r1;AdamW;batch16;augmix;10ep;seed42;presave_ratio=0.9;epochp=0;n_feature=16(1xbatch,k组全局记忆未实现);decay_pow=2;first_step_cons=1"
seed_verify,plain_lr2e-6_seed42,55748478-38a0-43da-89c3-bfe480dbe46e,False,3,30,1.0,70.0,2e-6,plain对照 enable=False,3.8460,8.1069,0.1059,3.2736,11.3855,0.0708,0.6101,1.8732,0.0177,"e24d72fb续训;coordinates_DER;vitl16;lora_r1;AdamW;batch16;augmix;10ep;seed42;presave_ratio=0.9;epochp=0;n_feature=16(1xbatch,k组全局记忆未实现);decay_pow=2;first_step_cons=1"
seed_verify,S42_lr2e-6,443c397c-0f9e-49bb-a34a-f87a66a29382,True,3,30,1.0,70.0,2e-6,=L5,3.8378,8.2197,0.1099,3.3102,11.7321,0.0705,0.6112,2.0128,0.0188,"e24d72fb续训;coordinates_DER;vitl16;lora_r1;AdamW;batch16;augmix;10ep;seed42;presave_ratio=0.9;epochp=0;n_feature=16(1xbatch,k组全局记忆未实现);decay_pow=2;first_step_cons=1"
seed_verify,S43_lr2e-6,b60e1c63-c599-40e0-817a-fa771f4cda25,True,3,30,1.0,70.0,2e-6,,4.0402,9.3108,0.1077,3.2793,11.5280,0.0691,0.6108,2.0016,0.0175,"e24d72fb续训;coordinates_DER;vitl16;lora_r1;AdamW;batch16;augmix;10ep;seed42;presave_ratio=0.9;epochp=0;n_feature=16(1xbatch,k组全局记忆未实现);decay_pow=2;first_step_cons=1"
seed_verify,S44_lr2e-6,02eff09a-c6d3-4456-9483-543c37b2628d,True,3,30,1.0,70.0,2e-6,,4.1049,9.8228,0.1079,3.3167,11.3957,0.0694,0.6109,1.9573,0.0172,"e24d72fb续训;coordinates_DER;vitl16;lora_r1;AdamW;batch16;augmix;10ep;seed42;presave_ratio=0.9;epochp=0;n_feature=16(1xbatch,k组全局记忆未实现);decay_pow=2;first_step_cons=1"
seed_verify,S45_lr2e-6,ca30883e-54be-4d77-ad51-130150b129b8,True,3,30,1.0,70.0,2e-6,,3.9301,8.5546,0.1066,3.3153,11.5364,0.0698,0.6146,1.9316,0.0171,"e24d72fb续训;coordinates_DER;vitl16;lora_r1;AdamW;batch16;augmix;10ep;seed42;presave_ratio=0.9;epochp=0;n_feature=16(1xbatch,k组全局记忆未实现);decay_pow=2;first_step_cons=1"
lr1e-4_decorr,E1_decorr_lam1,98ec02c1-ad7f-43aa-9c6d-39b8bb93289b,True,3,30,1.0,70.0,1e-4,"decorr_reg,lambda=1",,,,,,,,,,"e24d72fb续训;coordinates_DER;vitl16;lora_r1;AdamW;batch16;augmix;10ep;seed42;presave_ratio=0.9;epochp=0;n_feature=16(1xbatch,k组全局记忆未实现);decay_pow=2;first_step_cons=1"
lr1e-4_decorr,E2_decorr_lam10,6ddf2440-7bf1-4f8c-a28d-571ff040cd07,True,3,30,1.0,70.0,1e-4,"decorr_reg,lambda=10",,,,,,,,,,"e24d72fb续训;coordinates_DER;vitl16;lora_r1;AdamW;batch16;augmix;10ep;seed42;presave_ratio=0.9;epochp=0;n_feature=16(1xbatch,k组全局记忆未实现);decay_pow=2;first_step_cons=1"
lastvit,LV_layer-1_proj,fcc07591-27d1-4c35-92d5-f5e40c84760f,False,3,30,1.0,70.0,2e-6,"LASTVIT_CONTEXT,layer=-1",4.1780,8.7137,0.1152,3.5461,11.6661,0.0794,0.7122,1.9998,0.0219,"e24d72fb续训;coordinates_DER;vitl16;lora_r1;AdamW;batch16;augmix;10ep;seed42;presave_ratio=0.9;epochp=0;n_feature=16(1xbatch,k组全局记忆未实现);decay_pow=2;first_step_cons=1"
lastvit,LV_layer0,ccd044f6-193e-4047-9863-e8631c1a5bf4,False,3,30,1.0,70.0,2e-6,"LASTVIT_CONTEXT,layer=0",4.1031,9.7981,0.1119,3.2870,11.1776,0.0704,0.6102,2.0005,0.0179,"e24d72fb续训;coordinates_DER;vitl16;lora_r1;AdamW;batch16;augmix;10ep;seed42;presave_ratio=0.9;epochp=0;n_feature=16(1xbatch,k组全局记忆未实现);decay_pow=2;first_step_cons=1"
lastvit,LV_layer1,26d2d5ee-2a61-4a53-81fa-38043f506f8e,False,3,30,1.0,70.0,2e-6,"LASTVIT_CONTEXT,layer=1",4.0873,8.9336,0.1115,3.3141,11.1846,0.0744,0.6130,1.9244,0.0192,"e24d72fb续训;coordinates_DER;vitl16;lora_r1;AdamW;batch16;augmix;10ep;seed42;presave_ratio=0.9;epochp=0;n_feature=16(1xbatch,k组全局记忆未实现);decay_pow=2;first_step_cons=1"
lastvit,LV_layer2,9c09911b-2d57-48a2-aa7f-b4c6bc2ea58a,False,3,30,1.0,70.0,2e-6,"LASTVIT_CONTEXT,layer=2",4.0281,8.5131,0.1143,3.4439,11.9219,0.0749,0.6523,2.0209,0.0244,"e24d72fb续训;coordinates_DER;vitl16;lora_r1;AdamW;batch16;augmix;10ep;seed42;presave_ratio=0.9;epochp=0;n_feature=16(1xbatch,k组全局记忆未实现);decay_pow=2;first_step_cons=1"
lastvit,LV_layer3,c5a74357-c18d-4ff0-b09c-311f7ba603ef,False,3,30,1.0,70.0,2e-6,"LASTVIT_CONTEXT,layer=3",4.4559,10.2189,0.1215,3.5899,11.9661,0.0790,0.7434,2.0438,0.0235,"e24d72fb续训;coordinates_DER;vitl16;lora_r1;AdamW;batch16;augmix;10ep;seed42;presave_ratio=0.9;epochp=0;n_feature=16(1xbatch,k组全局记忆未实现);decay_pow=2;first_step_cons=1"
decoder,D_R1_lam1_s42_10ep,b7e907b2-fcf8-43af-9840-7b8483f04836,True,3,30,1.0,1.0,2e-6,"decoder特征,lambdap=1,w强激活",3.9288,8.3321,0.1103,3.3160,11.1183,0.0713,0.6068,1.9242,0.0198,"e24d72fb续训;coordinates_DER;vitl16;lora_r1;AdamW;batch16;augmix;10ep;seed42;presave_ratio=0.9;epochp=0;n_feature=16(1xbatch,k组全局记忆未实现);decay_pow=2;first_step_cons=1"
decoder,D_R0b_plain_s43_10ep,c329bf95-53ac-4176-8e08-f2acdd389d2e,False,3,30,1.0,70.0,2e-6,"decoder协议plain对照,seed43",3.9795,9.2975,0.1073,3.3452,11.6190,0.0709,0.6103,1.9962,0.0165,"e24d72fb续训;coordinates_DER;vitl16;lora_r1;AdamW;batch16;augmix;10ep;seed42;presave_ratio=0.9;epochp=0;n_feature=16(1xbatch,k组全局记忆未实现);decay_pow=2;first_step_cons=1"
decoder,D_P1_lam1_s42_1ep,f26ebd0f-a81b-434a-aa0a-67dd433096c3,True,3,30,1.0,1.0,2e-6,"1ep诊断,lambdap=1",4.1311,9.4269,0.1113,3.4500,11.7865,0.0731,0.6386,1.9798,0.0184,"e24d72fb续训;coordinates_DER;vitl16;lora_r1;AdamW;batch16;augmix;10ep;seed42;presave_ratio=0.9;epochp=0;n_feature=16(1xbatch,k组全局记忆未实现);decay_pow=2;first_step_cons=1"
decoder,D_P3_lam10_s42_1ep,31b997fc-b379-452b-9acd-1ec511a23fd6,True,3,30,1.0,10.0,2e-6,"1ep诊断,lambdap=10",4.2098,9.7676,0.1090,3.4302,11.5595,0.0718,0.6372,1.9748,0.0172,"e24d72fb续训;coordinates_DER;vitl16;lora_r1;AdamW;batch16;augmix;10ep;seed42;presave_ratio=0.9;epochp=0;n_feature=16(1xbatch,k组全局记忆未实现);decay_pow=2;first_step_cons=1"
ft_methods,FT_LoRA_anchor_50ep,25e06910-052f-4a3c-93b9-3612999915b7,-,-,-,-,-,anneal,"忠实LoRA(官方MergedLinear,qv,r1,α/r,kaiming)",4.8616,11.0586,0.1266,3.7402,12.0165,0.0802,0.7424,2.1161,0.0210,DINOv3预训练+新头;coordinates_DER;vitl16;batch16;augmix;seed42;50ep;cosine退火1e-4->2e-6;warmup1000
ft_methods,FT_LPFT_s1_head25ep,99fa6859-8ff0-4701-bb92-0279bd1e29b0,-,-,-,-,-,anneal,LP-FT阶段1:冻结encoder仅训头25ep,7.8037,17.5529,0.1947,8.1089,22.9205,0.1472,1.3662,3.5220,0.0429,DINOv3预训练+新头;coordinates_DER;vitl16;batch16;augmix;seed42;50ep;cosine退火1e-4->2e-6;warmup1000
ft_methods,FT_LPFT_final_25+25,240f0e28-f3b8-4ef1-a4a8-095040e764cd,-,-,-,-,-,anneal,LP-FT两阶段(25头+25联合),4.2199,9.4943,0.1070,2.8934,10.5033,0.0609,0.4633,0.6230,0.0131,DINOv3预训练+新头;coordinates_DER;vitl16;batch16;augmix;seed42;50ep;cosine退火1e-4->2e-6;warmup1000
ft_methods,FT_L2SP_alpha0.01,46bf9c64-9e6c-40d0-a67b-3802b6c2ec9e,-,-,-,-,-,anneal,L2-SP α=0.01 β=0.01 SGD mom0.9 全量,17.1691,26.5518,0.3529,12.3835,22.8626,0.2457,3.9595,6.7448,0.0762,DINOv3预训练+新头;coordinates_DER;vitl16;batch16;augmix;seed42;50ep;cosine退火1e-4->2e-6;warmup1000
ft_methods,FT_L2SP_alpha0.1,803126e6-2b60-425c-b719-688be43c3f66,-,-,-,-,-,anneal,L2-SP α=0.1 β=0.01 SGD mom0.9 全量,24.0934,31.7682,0.4875,21.0534,32.0579,0.3961,6.6381,10.3448,0.1288,DINOv3预训练+新头;coordinates_DER;vitl16;batch16;augmix;seed42;50ep;cosine退火1e-4->2e-6;warmup1000
ft_methods,FT_wiseft_a0.3,25e06910-052f-4a3c-93b9-3612999915b7_wise0.3,-,-,-,-,-,-,"WiSE-FT α=0.3(LoRA delta缩放,零训练)",26.6982,40.4187,0.5128,20.8792,38.3147,0.4224,3.0985,6.9901,0.0825,DINOv3预训练+新头;coordinates_DER;vitl16;batch16;augmix;seed42;50ep;cosine退火1e-4->2e-6;warmup1000
ft_methods,FT_wiseft_a0.5,25e06910-052f-4a3c-93b9-3612999915b7_wise0.5,-,-,-,-,-,-,WiSE-FT α=0.5,9.9435,20.8111,0.2360,9.1903,24.1122,0.1816,1.8649,3.8511,0.0546,DINOv3预训练+新头;coordinates_DER;vitl16;batch16;augmix;seed42;50ep;cosine退火1e-4->2e-6;warmup1000
ft_methods,FT_wiseft_a0.7,25e06910-052f-4a3c-93b9-3612999915b7_wise0.7,-,-,-,-,-,-,WiSE-FT α=0.7,5.0329,12.3556,0.1535,4.8596,15.9908,0.1102,1.1845,2.5525,0.0462,DINOv3预训练+新头;coordinates_DER;vitl16;batch16;augmix;seed42;50ep;cosine退火1e-4->2e-6;warmup1000
ft_methods,FT_soup_3models,soup_uniform_3models_8031_46bf_240f,-,-,-,-,-,-,"均匀soup{L2SP0.1,L2SP0.01,LPFT}(2成员已崩)",105.6271,40.6061,5.8366,104.9603,40.6131,5.8483,103.4490,41.4651,5.9320,DINOv3预训练+新头;coordinates_DER;vitl16;batch16;augmix;seed42;50ep;cosine退火1e-4->2e-6;warmup1000
ft_methods,FT_LPFT_fixed1e-4_s1,dc4453b9-e619-4294-bf62-7d3bc3a93495,-,-,-,-,-,1e-4,LP-FT阶段1固定lr(冻结训头25ep),8.6077,20.1323,0.1897,8.0958,23.4984,0.1474,1.5186,2.7575,0.0492,DINOv3预训练+新头;coordinates_DER;vitl16;batch16;augmix;seed42;50ep;固定lr=1e-4;warmup1000
ft_methods,FT_LPFT_fixed1e-4_s2,3d0bd107-cc17-4018-8c0d-b96a7835fbaf,-,-,-,-,-,1e-4,"LP-FT固定lr最终(25+25,无退火)",12.9384,29.1036,0.2348,5.1100,17.4932,0.1104,0.8731,2.3291,0.0516,DINOv3预训练+新头;coordinates_DER;vitl16;batch16;augmix;seed42;50ep;固定lr=1e-4;warmup1000
ft_methods,FT_LLRD_decay0.9,8be5bc36-b5fb-495d-bc46-14681a3fc74b,-,-,-,-,-,1e-4,"逐层lr衰减0.9,26组,全量微调",4.2939,12.4559,0.1175,2.8683,12.2836,0.0668,0.7682,0.6785,0.0297,DINOv3预训练+新头;coordinates_DER;vitl16;batch16;augmix;seed42;50ep;固定lr=1e-4;warmup1000
ft_methods,FT_LNtune_50ep,d249a850-f503-446c-8903-e5ae6ab45698,-,-,-,-,-,1e-4,LN tuning(backbone仅LN+头训练),6.6213,17.5094,0.1421,4.6753,15.2872,0.0924,0.9600,2.6748,0.0291,DINOv3预训练+新头;coordinates_DER;vitl16;batch16;augmix;seed42;50ep;固定lr=1e-4;warmup1000
ft_methods,FT_DoRA_r1,43194aa6-adcc-429e-a2d6-a7a3df09d299,-,-,-,-,-,1e-4,"DoRA(HF PEFT语义,qv块,r1)",6.0494,16.1900,0.1263,4.2543,13.9591,0.0884,0.9655,2.7454,0.0252,DINOv3预训练+新头;coordinates_DER;vitl16;batch16;augmix;seed42;50ep;固定lr=1e-4;warmup1000
